<?xml version="1.0" encoding="utf-8"?>
<insrel exportsource="mmbase://127.0.0.1/mmproject/mmp" timestamp="20040427091451">
	<node number="190" owner="admin" snumber="109" dnumber="103" rtype="allowed" dir="bidirectional">
	</node>

	<node number="198" owner="admin" snumber="103" dnumber="109" rtype="allowed" dir="bidirectional">
	</node>

	<node number="176" owner="admin" snumber="113" dnumber="118" rtype="contains" dir="bidirectional">
	</node>

	<node number="188" owner="admin" snumber="107" dnumber="103" rtype="allowed" dir="bidirectional">
	</node>

	<node number="252" owner="default" snumber="125" dnumber="99" rtype="rank" dir="bidirectional">
	</node>

	<node number="186" owner="admin" snumber="105" dnumber="103" rtype="allowed" dir="bidirectional">
	</node>

	<node number="194" owner="admin" snumber="103" dnumber="105" rtype="allowed" dir="bidirectional">
	</node>

	<node number="172" owner="admin" snumber="118" dnumber="116" rtype="contains" dir="bidirectional">
	</node>

	<node number="192" owner="admin" snumber="103" dnumber="101" rtype="allowed" dir="bidirectional">
	</node>

	<node number="200" owner="admin" snumber="105" dnumber="109" rtype="allowed" dir="bidirectional">
	</node>

	<node number="168" owner="admin" snumber="116" dnumber="120" rtype="contains" dir="bidirectional">
	</node>

	<node number="196" owner="admin" snumber="103" dnumber="107" rtype="allowed" dir="bidirectional">
	</node>

	<node number="178" owner="admin" snumber="120" dnumber="99" rtype="rank" dir="bidirectional">
	</node>

	<node number="184" owner="admin" snumber="101" dnumber="103" rtype="allowed" dir="bidirectional">
	</node>

	<node number="174" owner="admin" snumber="113" dnumber="125" rtype="contains" dir="bidirectional">
	</node>

	<node number="227" owner="admin" snumber="203" dnumber="120" rtype="related" dir="bidirectional">
	</node>
</insrel>
