<?xml version="1.0" encoding="utf-8"?>
<mmbasecontexts exportsource="mmbase://127.0.0.1/mmproject/mmp" timestamp="20040427091451">
	<node number="111" owner="security">
		<name>security</name>
		<description></description>
	</node>

	<node number="105" owner="security">
		<name>system</name>
		<description></description>
	</node>

	<node number="107" owner="security">
		<name>default</name>
		<description></description>
	</node>

	<node number="109" owner="security">
		<name>imagesmodule</name>
		<description></description>
	</node>

	<node number="103" owner="admin">
		<name>admin</name>
		<description></description>
	</node>

	<node number="101" owner="admin">
		<name>import</name>
		<description></description>
	</node>

</mmbasecontexts>
