<?xml version="1.0" encoding="utf-8"?>
<mmbaseusers exportsource="mmbase://127.0.0.1/mmproject/mmp" timestamp="20040427091451">
	<node number="125" owner="security">
		<status>1</status>
		<username>anonymous</username>
		<validfrom>1082632390</validfrom>
		<validto>4102441200</validto>
		<defaultcontext>107</defaultcontext>
		<lastlogon>-1</lastlogon>
		<password></password>
	</node>

	<node number="120" owner="admin" alias="user.admin">
		<status>1</status>
		<username>admin</username>
		<validfrom>1082632390</validfrom>
		<validto>4102441200</validto>
		<defaultcontext>107</defaultcontext>
		<lastlogon>1083050075</lastlogon>
		<password>4bf82f899b3783075c2c5598d71e6ff3</password>
	</node>

</mmbaseusers>
