<?xml version="1.0" encoding="utf-8"?>
<rightsrel exportsource="mmbase://127.0.0.1/mmproject/mmp" timestamp="20040427091451">
	<node number="158" owner="import" snumber="107" dnumber="118" rtype="grants" dir="bidirectional">
		<operation>delete</operation>
	</node>

	<node number="144" owner="admin" snumber="105" dnumber="116" rtype="grants" dir="bidirectional">
		<operation>change context</operation>
	</node>

	<node number="159" owner="import" snumber="107" dnumber="118" rtype="grants" dir="bidirectional">
		<operation>change context</operation>
	</node>

	<node number="129" owner="import" snumber="103" dnumber="116" rtype="grants" dir="bidirectional">
		<operation>change relation</operation>
	</node>

	<node number="160" owner="admin" snumber="107" dnumber="118" rtype="grants" dir="bidirectional">
		<operation>read</operation>
	</node>

	<node number="157" owner="import" snumber="107" dnumber="118" rtype="grants" dir="bidirectional">
		<operation>change relation</operation>
	</node>

	<node number="257" owner="default" snumber="105" dnumber="118" rtype="grants" dir="bidirectional">
		<operation>read</operation>
	</node>

	<node number="142" owner="admin" snumber="105" dnumber="116" rtype="grants" dir="bidirectional">
		<operation>change relation</operation>
	</node>

	<node number="131" owner="import" snumber="103" dnumber="116" rtype="grants" dir="bidirectional">
		<operation>change context</operation>
	</node>

	<node number="146" owner="import" snumber="101" dnumber="116" rtype="grants" dir="bidirectional">
		<operation>write</operation>
	</node>

	<node number="258" owner="default" snumber="105" dnumber="118" rtype="grants" dir="bidirectional">
		<operation>write</operation>
	</node>

	<node number="162" owner="admin" snumber="107" dnumber="113" rtype="grants" dir="bidirectional">
		<operation>read</operation>
	</node>

	<node number="130" owner="import" snumber="103" dnumber="116" rtype="grants" dir="bidirectional">
		<operation>delete</operation>
	</node>

	<node number="140" owner="admin" snumber="105" dnumber="116" rtype="grants" dir="bidirectional">
		<operation>write</operation>
	</node>

	<node number="155" owner="import" snumber="107" dnumber="118" rtype="grants" dir="bidirectional">
		<operation>write</operation>
	</node>

	<node number="259" owner="default" snumber="105" dnumber="118" rtype="grants" dir="bidirectional">
		<operation>delete</operation>
	</node>

	<node number="166" owner="security" snumber="111" dnumber="118" rtype="grants" dir="bidirectional">
		<operation>read</operation>
	</node>

	<node number="156" owner="import" snumber="107" dnumber="118" rtype="grants" dir="bidirectional">
		<operation>create</operation>
	</node>

	<node number="254" owner="default" snumber="105" dnumber="125" rtype="grants" dir="bidirectional">
		<operation>read</operation>
	</node>

	<node number="136" owner="admin" snumber="105" dnumber="113" rtype="grants" dir="bidirectional">
		<operation>read</operation>
	</node>

	<node number="151" owner="admin" snumber="101" dnumber="116" rtype="grants" dir="bidirectional">
		<operation>read</operation>
	</node>

	<node number="150" owner="import" snumber="101" dnumber="116" rtype="grants" dir="bidirectional">
		<operation>change context</operation>
	</node>

	<node number="149" owner="import" snumber="101" dnumber="116" rtype="grants" dir="bidirectional">
		<operation>delete</operation>
	</node>

	<node number="134" owner="admin" snumber="103" dnumber="113" rtype="grants" dir="bidirectional">
		<operation>read</operation>
	</node>

	<node number="147" owner="import" snumber="101" dnumber="116" rtype="grants" dir="bidirectional">
		<operation>create</operation>
	</node>

	<node number="132" owner="admin" snumber="103" dnumber="116" rtype="grants" dir="bidirectional">
		<operation>read</operation>
	</node>

	<node number="253" owner="default" snumber="105" dnumber="125" rtype="grants" dir="bidirectional">
		<operation>create</operation>
	</node>

	<node number="127" owner="import" snumber="103" dnumber="116" rtype="grants" dir="bidirectional">
		<operation>write</operation>
	</node>

	<node number="255" owner="default" snumber="105" dnumber="125" rtype="grants" dir="bidirectional">
		<operation>write</operation>
	</node>

	<node number="148" owner="import" snumber="101" dnumber="116" rtype="grants" dir="bidirectional">
		<operation>change relation</operation>
	</node>

	<node number="128" owner="import" snumber="103" dnumber="116" rtype="grants" dir="bidirectional">
		<operation>create</operation>
	</node>

	<node number="256" owner="default" snumber="105" dnumber="125" rtype="grants" dir="bidirectional">
		<operation>delete</operation>
	</node>

	<node number="164" owner="admin" snumber="109" dnumber="113" rtype="grants" dir="bidirectional">
		<operation>read</operation>
	</node>

	<node number="153" owner="admin" snumber="101" dnumber="113" rtype="grants" dir="bidirectional">
		<operation>read</operation>
	</node>

	<node number="138" owner="admin" snumber="105" dnumber="118" rtype="grants" dir="bidirectional">
		<operation>create</operation>
	</node>

</rightsrel>
