<?xml version="1.0" encoding="UTF-8" ?>
<!-- 

   @author  Michiel Meeuwissen
   @version $Id: log4j.xml,v 1.2 2004/04/01 12:37:25 freek Exp $
   @since   MMBase-1.4

   Location of the log4j.dtd. 
   In Tomcat a simple "log4j.dtd" will do, but this does not work in
   older versions of Orion (because of limitation of Xerces). 
   You can give the full path to the dtd in the jar, like:
   SYSTEM "jar:file:/bigdisk/dev/lib/test/log4j.jar!/org/apache/log4j/xml/log4j.dtd"
   or somewhere on the web:
   SYSTEM "http://web.omroep.nl/mmbase/logging/log4j.dtd"
   
   It seems to work better in Orion if you put the log4j.dtd in
   WEB-INF/classes/org/apache/log4j/xml/log4j.dtd
   
-->
<!DOCTYPE log4j:configuration SYSTEM "log4j.dtd"
   [
    <!ENTITY mmlevel  "org.mmbase.util.logging.log4j.Log4jLevel" >
    <!ENTITY logdir   "./logs/" >
]>

<!-- 
  MMBase logging configuration 

  MMBase can use log4j for logging. See
  http://jakarta.apache.org. This is a sample configuration file for
  it. The name of this file is indicated in <CONFIGDIR>/log/log.xml

  Quick introduction on how to configure log4j.

  In the configuration you find two kind of things: Appenders, and
  Loggers. 

  The Appenders are describing the logfiles. There is only one defined
  in this file. It is not optimized for speed now, it is better use another
  Pattern layout in a speed critical situation.

  There is one special 'Logger', namely 'root'. Other loggers
  inherit from this one, but can override for example the level. 

  Currently the loggers are simply the complete MMBase class-names,
  with only one exception, namely 'STDERR'.

-->

<log4j:configuration 
  debug="false" 
  xmlns:log4j="http://jakarta.apache.org/log4j/"
  >

  <!-- 
  The appenders of the default log4j configuration are writing to 
  STDOUT on default. 
  This is problably not what you want, but at least it works always.
  (This also means that the &logdir; entity is not used in this example configuration)
  See in the eother examples how to configure a log file.
  -->

	<appender name="logfile" class="org.apache.log4j.DailyRollingFileAppender" >
	    <param name="File"   value="&logdir;/mmproject.log" />
       <param name="DatePattern" value="'.'yyyy-MM-dd" />
	    <param name="Append" value="true" />
	    <layout class="org.apache.log4j.PatternLayout">
	    <param name="ConversionPattern" value="%d %-5p %c{4} %M.%L %x - %m%n" />
 		<!-- <param name="ConversionPattern" value="%d{ABSOLUTE} %-5p - %m%n" /> -->
	    </layout>
	</appender>
  
	<appender name="stdout" class="org.apache.log4j.ConsoleAppender" >
      <param name="Target" value="System.out"/>
      
      <layout class="org.apache.log4j.PatternLayout">
         <param name="ConversionPattern" value="%d %-5p %c{4} %M.%L %x - %m%n" />
      </layout>
	</appender>

  <!-- categories -->
  
  <!-- different level for a few subtrees -->

  <logger name="org.mmbase" >
    <level class="&mmlevel;" value ="info" />
  </logger>

  <!-- 
  STDERR is a special Category, to wich stderr will be written
  (always with level 'warn' or higher)  
  The level can be set to 'fatal' and the stderr will not be
  redirected to mmbase logging.
  -->
 
  <logger name="STDERR">
    <level class="&mmlevel;" value ="info" />	
  </logger>
  
  <root>
    <level class="&mmlevel;" value ="service" />
    <appender-ref ref="logfile" />
    <!-- <appender-ref ref="stdout" /> -->
  </root>

</log4j:configuration>
