<?xml version="1.0" encoding="UTF-8"?>
<!DOCTYPE module PUBLIC "-//MMBase//DTD module config 1.0//EN" "http://www.mmbase.org/dtd/module_1_0.dtd">
<!--
		The MMAdmin module contains procedures, callable from jsp or SCAN, which allow for
		administration tasks, such as installing applications, monitoring cache performance,
		or viewing module and builder properties.
-->
<module>

	<!-- <status>
		what is the status of this builder options : active or inactive
		This module is necessary to administrate MMbase, and should normally be active.
	-->
	<status>active</status>

	<!-- <classfile>
		main classfile that this module is defined in
	-->
	<classfile>org.mmbase.module.tools.MMAdmin</classfile>

	<!-- <properties>
		 You can define properties to be used by the classfile.
		 This module does not have any properties.
		 This tag should be left empty, but in place.
	 -->
	<properties>
	</properties>

</module>
