<?xml version="1.0"?>
<!DOCTYPE application PUBLIC "-//MMBase/DTD application config 1.1//EN" "http://www.mmbase.org/dtd/application_1_1.dtd">
<!-- Generated for MMBase version: 1.7  -->
<application name="MMProject" maintainer="mmbase.org" version="3" auto-deploy="true">
<requirements>
<!--<requires name="Basics" maintainer="mmbase.org" version="1" type="application"/>
<requires name="Resources" maintainer="mmbase.org" version="1" type="application"/>-->
</requirements>
   <neededbuilderlist>
       <!-- These are the basic mmbase relation builders -->
      <builder maintainer="mmbase.org" version="0">insrel</builder>
      <builder maintainer="mmbase.org" version="0">posrel</builder>
       <!-- These are the basic mmbase builders -->
      <builder maintainer="mmbase.org" version="0">images</builder>
      <builder maintainer="mmbase.org" version="0">attachments</builder>
      <builder maintainer="mmbase.org" version="0">urls</builder>
	   <!-- Theser are the application specific builders -->
      <builder maintainer="mmbase.org" version="0">articles</builder>
      <builder maintainer="mmbase.org" version="0">documents</builder>
      <builder maintainer="mmbase.org" version="0">folders</builder>
      <builder maintainer="mmbase.org" version="0">forummessages</builder>
      <builder maintainer="mmbase.org" version="0">forumthreads</builder>
      <builder maintainer="mmbase.org" version="0">projectroles</builder>
      <builder maintainer="mmbase.org" version="0">projects</builder>
      <builder maintainer="mmbase.org" version="0">settings</builder>
      <builder maintainer="mmbase.org" version="0">stylesheets</builder>
      <builder maintainer="mmbase.org" version="0">users</builder>
    </neededbuilderlist>

    <neededreldeflist>
        <reldef source="related" target="related" direction="bidirectional" guisourcename="related" guitargetname="related" builder="insrel" />
        <reldef source="posrel"  target="posrel" direction="bidirectional" guisourcename="posrel" guitargetname="posrel" builder="posrel" />
   </neededreldeflist>

   <allowedrelationlist>
      <relation from="articles" to="attachments" type="related" />
      <relation from="articles" to="images" type="related" />
      <relation from="articles" to="urls" type="related" />
      <relation from="documents" to="attachments" type="related" />
      <relation from="folders" to="articles" type="posrel" />
      <relation from="folders" to="documents" type="posrel" />
      <relation from="folders" to="folders" type="posrel" />
      <relation from="forumthreads" to="forummessages" type="related" />
      <relation from="projects" to="articles" type="related" />
      <relation from="projects" to="documents" type="related" />
      <relation from="projects" to="forumthreads" type="related" />
      <relation from="projects" to="images" type="related" />
      <relation from="projects" to="folders" type="posrel" />
      <relation from="projects" to="projectroles" type="related" />
      <relation from="projects" to="stylesheets" type="related" />
      <relation from="users" to="articles" type="related" />
      <relation from="users" to="documents" type="related" />
      <relation from="users" to="folders" type="related" />
      <relation from="users" to="forummessages" type="related" />
      <relation from="users" to="mmbaseusers" type="related" />
      <relation from="users" to="projectroles" type="related" />
   </allowedrelationlist>

   <datasourcelist>
<!--      <datasource builder="users" path="MMProject/users.xml" />
      <datasource builder="settings" path="MMProject/settings.xml" />
      <datasource builder="settings" path="MMProject/stylesheets.xml" />

      <datasource builder="typedef"        path="Security/typedef.xml" />
      <datasource builder="mmbaseranks"    path="Security/mmbaseranks.xml" />
      <datasource builder="mmbasecontexts" path="Security/mmbasecontexts.xml" />
      <datasource builder="mmbasegroups"   path="Security/mmbasegroups.xml" />
      <datasource builder="mmbaseusers"    path="Security/mmbaseusers.xml" />-->
   </datasourcelist>

   <relationsourcelist>
<!--      <relationsource builder="rightsrel" path="Security/rightsrel.xml" />
      <relationsource builder="insrel" path="MMProject/insrel.xml"/>-->
   </relationsourcelist>

   <contextsourcelist>
      <contextsource goal="backup" type="depth" path="MMProject/backup.xml"/>
   </contextsourcelist>

   <description><![CDATA[Installs the application. Included are all the builders.]]></description>
   <install-notice><![CDATA[You have installed the application.]]></install-notice>
</application>