<?xml version="1.0"?>
<!DOCTYPE application PUBLIC "-//MMBase//DTD application config 1.0//EN" "http://www.mmbase.org/dtd/application_1_0.dtd">
<application name="Security" maintainer="mmbase://security.mmbase.org/" version="1" auto-deploy="true">
	<neededbuilderlist>
    <!-- builder maintainer="mmbase://security.mmbase.org/" version="1">containsrel</builder-->
    <builder maintainer="mmbase://security.mmbase.org/" version="1">insrel</builder>
    <builder maintainer="mmbase://security.mmbase.org/" version="1">mmbaseusers</builder>
    <builder maintainer="mmbase://security.mmbase.org/" version="1">mmbasegroups</builder>
    <builder maintainer="mmbase://security.mmbase.org/" version="1">mmbasecontexts</builder>
    <builder maintainer="mmbase://security.mmbase.org/" version="1">mmbaseranks</builder>
    <builder maintainer="mmbase://security.mmbase.org/" version="1">rightsrel</builder>
    <builder maintainer="mmbase.org" version="0">typedef</builder>

    <builder maintainer="mmbase.org" version="0">settings</builder>
    <builder maintainer="mmbase.org" version="0">stylesheets</builder>
    <builder maintainer="mmbase.org" version="0">users</builder>
  </neededbuilderlist>

  <neededreldeflist>
    <reldef source="related"  target="related"      direction="bidirectional" guisourcename="Related"  guitargetname="Related"      builder="insrel"/>
    <reldef source="contains" target="containedBy"  direction="bidirectional" guisourcename="contains" guitargetname="contained by" builder="insrel" />
    <reldef source="grants"   target="grantedBy"    direction="bidirectional" guisourcename="grants"   guitargetname="granted by"   builder="rightsrel" />
    <reldef source="rank"     target="rank"         direction="bidirectional" guisourcename="Rank"     guitargetname="User"         builder="insrel" />
    <reldef source="allowed"  target="allowed"      direction="bidirectional" guisourcename="Allowed to change to" guitargetname="Allowed to change from" builder="insrel" />
  </neededreldeflist>

  <allowedrelationlist>
    <relation from="mmbasegroups"   to="mmbaseusers"    type="contains" />
    <relation from="mmbasegroups"   to="mmbasegroups"   type="contains" />
    <relation from="mmbasecontexts" to="mmbasegroups"   type="grants" />
    <relation from="mmbasecontexts" to="mmbaseusers"    type="grants" />
    <relation from="mmbasecontexts" to="mmbasecontexts" type="allowed" />
    <relation from="mmbaseusers"    to="mmbaseranks"    type="rank" />


      <relation from="users" to="mmbaseusers" type="related" />
  </allowedrelationlist>

  <datasourcelist>
      <datasource builder="users" path="MMProject/users.xml" />
      <datasource builder="settings" path="MMProject/settings.xml" />
      <datasource builder="stylesheets" path="MMProject/stylesheets.xml" />

      <datasource builder="typedef"        path="Security/typedef.xml" />
      <datasource builder="mmbaseranks"    path="Security/mmbaseranks.xml" />
      <datasource builder="mmbasecontexts" path="Security/mmbasecontexts.xml" />
      <datasource builder="mmbasegroups"   path="Security/mmbasegroups.xml" />
      <datasource builder="mmbaseusers"    path="Security/mmbaseusers.xml" />
  </datasourcelist>

  <relationsourcelist>
    <!-- relationsource builder="containsrel" path="Security/containsrel.xml" /-->
    <relationsource builder="rightsrel" path="Security/rightsrel.xml" />
    <relationsource builder="insrel" path="Security/insrel.xml" />
  </relationsourcelist>

  <contextsourcelist>
    <contextsource path="Security/backup.xml" type="depth" goal="backup"/>
  </contextsourcelist>

  <description>
      Security in MMBase, which has nested groups
  </description>

  <install-notice>
      Installation is finished.
  </install-notice>
</application>
