<?xml version="1.0" encoding="ISO-8859-1" ?>

 <!DOCTYPE tiles-definitions PUBLIC
       "-//Apache Software Foundation//DTD Tiles Configuration 1.1//EN"
       "http://jakarta.apache.org/struts/dtds/tiles-config_1_1.dtd">

<!-- Definitions for Tiles  -->
<!--
  This file contains definitions common to all struts module.
  In particular, it contains the main layout and the common menus.
  There is also the main page as a portal.
-->

<tiles-definitions>

   <!-- =======================================================  -->
   <!-- Master definition  									-->
   <!-- =======================================================  -->

   <!-- LAYOUT DEFINITIONS: Simple layout (before login) -->
   <definition name="layout.htmlhead" template="/layout/common/htmlhead.jsp"/>

   <definition name="layout.simple" template="/layout/simplelayout.jsp">
      <put name="htmlhead" value="layout.htmlhead"/>
      <put name="header" value="layout.header"/>
      <put name="footer" value="layout.footer"/>
   </definition>

   <definition name="login" extends="layout.simple">
      <put name="title" value="Inloggen"/>
      <put name="body" value="/layout/login.jsp"/>
   </definition>

   <definition name="enroll" extends="layout.simple">
      <put name="title" value="Inschrijven"/>
      <put name="body" value="/layout/enroll.jsp"/>
   </definition>


   <!-- LAYOUT DEFINITIONS: Body content pages -->
   <definition name="layout.header" template="/layout/common/header.jsp"/>
   <definition name="layout.footer" template="/layout/common/footer.jsp"/>

   <definition name="layout" template="/layout/layout.jsp">
      <put name="htmlhead" value="layout.htmlhead"/>
      <put name="header" value="layout.header"/>
      <put name="mainmenu" value="menu.main"/>
      <put name="projectmenu" value="menu.project.empty"/>
      <put name="footer" value="layout.footer"/>
   </definition>

   <definition name="projectlist.clean" template="/layout/projectlist.jsp"/>
   <definition name="projectlist" extends="layout">
      <put name="title" value="Mijn Projecten"/>
      <put name="body" value="projectlist.clean"/>
   </definition>

   <definition name="allprojectlist" extends="layout">
      <put name="title" value="Alle Projecten"/>
      <put name="body" value="/layout/allprojectlist.jsp"/>
   </definition>

   <definition name="userlist" extends="layout">
      <put name="title" value="Gebruikers Lijst"/>
      <put name="body" value="/layout/userlist.jsp"/>
   </definition>

   <definition name="apply" extends="layout">
      <put name="title" value="Inschrijven op Project"/>
      <put name="body" value="/layout/apply.jsp"/>
   </definition>

   <definition name="userprojects" template="/layout/userprojects.jsp"/>

   <definition name="user" extends="layout">
      <put name="title" value="Gebruiker"/>
      <put name="body" value="/layout/user.jsp"/>
   </definition>

   <definition name="settings" extends="layout">
      <put name="title" value="Instellingen"/>
      <put name="body" value="/layout/settings.jsp"/>
   </definition>


   <definition name="project.edit.clean" template="/layout/project/project_edit.jsp">
      <put name="done" value="projectlist"/>
      <put name="projectFrom" value="parameters"/>
   </definition>

   <definition name="project.new" extends="layout">
      <put name="title" value="Nieuw Project"/>
      <put name="body" value="project.edit.clean"/>
   </definition>

   <definition name="project.edit" extends="layout">
      <put name="title" value="Bewerk Project"/>
      <put name="body" value="project.edit.clean"/>
   </definition>

   <definition name="project.delete" extends="layout">
      <put name="title" value="Mijn Projecten"/>
      <put name="body" value="/layout/project/project_delete.jsp"/>
   </definition>



   <!-- pages inside a project -->
   <definition name="layout.htmlhead.project" template="/layout/common/htmlhead_project.jsp"/>
   <definition name="layout.header.project" template="/layout/common/header_project.jsp"/>

   <definition name="project.layout" extends="layout">
      <put name="htmlhead" value="layout.htmlhead.project"/>
      <put name="header" value="layout.header.project"/>
      <put name="projectmenu" value="menu.project.filled"/>
   </definition>

   <definition name="project.user" extends="project.layout">
      <put name="title" value="Gebruiker"/>
      <put name="body" value="/layout/user.jsp"/>
   </definition>

   <definition name="project.articlelist.clean" template="/layout/project/articlelist.jsp"/>
   <definition name="project.articlelist" extends="project.layout">
      <put name="title" value="Artikelen"/>
      <put name="body" value="project.articlelist.clean"/>
   </definition>

   <definition name="project.article" extends="project.layout">
      <put name="title" value="Artikel"/>
      <put name="body" value="/layout/project/article.jsp"/>
   </definition>

   <definition name="project.article.delete" extends="project.layout">
      <put name="title" value="Artikelen"/>
      <put name="body" value="/layout/project/article_delete.jsp"/>
   </definition>

   <definition name="project.article.edit" extends="project.layout">
      <put name="title" value="Edit Artikel"/>
      <put name="body" value="/layout/project/article_edit.jsp"/>
   </definition>

   <definition name="project.article.new" extends="project.layout">
      <put name="title" value="Nieuw Artikel"/>
      <put name="body" value="/layout/project/article_edit.jsp"/>
   </definition>

   <definition name="project.documentlist.clean" template="/layout/project/documentlist.jsp"/>
   <definition name="project.documentlist" extends="project.layout">
      <put name="title" value="Bestanden"/>
      <put name="body" value="project.documentlist.clean"/>
   </definition>

   <definition name="project.document" extends="project.layout">
      <put name="title" value="Bestand"/>
      <put name="body" value="/layout/project/document.jsp"/>
   </definition>

   <definition name="project.document.delete" extends="project.layout">
      <put name="title" value="Bestanden"/>
      <put name="body" value="/layout/project/document_delete.jsp"/>
   </definition>

   <definition name="project.document.edit" extends="project.layout">
      <put name="title" value="Edit Bestand"/>
      <put name="body" value="/layout/project/document_edit.jsp"/>
   </definition>

   <definition name="project.document.new" extends="project.layout">
      <put name="title" value="Nieuw Bestand"/>
      <put name="body" value="/layout/project/document_edit.jsp"/>
   </definition>

   <definition name="project.folder.delete" extends="project.layout">
      <put name="title" value="Folders"/>
      <put name="body" value="/layout/project/folder_delete.jsp"/>
   </definition>

   <definition name="project.folder.edit" extends="project.layout">
      <put name="title" value="Edit Folder"/>
      <put name="body" value="/layout/project/folder_edit.jsp"/>
   </definition>

   <definition name="project.folder.new" extends="project.layout">
      <put name="title" value="Nieuwe Folder"/>
      <put name="body" value="/layout/project/folder_edit.jsp"/>
   </definition>

   <definition name="project.folder.order" extends="project.layout">
      <put name="title" value="Folders"/>
      <put name="body" value="/layout/project/folder_order.jsp"/>
   </definition>

   <definition name="project.userlist" extends="project.layout">
      <put name="title" value="Gebruikers"/>
      <put name="body" value="/layout/project/userlist.jsp"/>
   </definition>

   <definition name="project.linkusers" extends="project.layout">
      <put name="title" value="Koppel Gebruikers"/>
      <put name="body" value="/layout/project/linkusers.jsp"/>
   </definition>

   <definition name="project.user" extends="project.layout">
      <put name="title" value="Gebruiker"/>
      <put name="body" value="/layout/user.jsp"/>
   </definition>

   <definition name="project.forum.clean" template="/layout/project/forum.jsp"/>
   <definition name="project.forum" extends="project.layout">
      <put name="title" value="Forum"/>
      <put name="body" value="project.forum.clean"/>
   </definition>

   <definition name="project.forum.delete" extends="project.layout">
      <put name="title" value="Forum"/>
      <put name="body" value="/layout/project/forum_delete.jsp"/>
   </definition>

   <definition name="project.forumthread" extends="project.layout">
      <put name="title" value="Forum"/>
      <put name="body" value="/layout/project/forumthread.jsp"/>
   </definition>

   <definition name="project.project.edit.clean" extends="project.edit.clean">
      <put name="done" value="project.articlelist"/>
      <put name="projectFrom" value="session"/>
   </definition>

   <definition name="project.project.edit" extends="project.layout">
      <put name="title" value="Bewerk Project"/>
      <put name="body" value="project.project.edit.clean"/>
   </definition>

   <definition name="project.mailing" extends="project.layout">
      <put name="title" value="Mailing"/>
      <put name="body" value="/layout/project/mailing.jsp"/>
   </definition>



   <!-- LAYOUT DEFINITIONS: Popups -->
   <definition name="popup" template="/layout/popup/layout.jsp">
      <put name="htmlhead" value="layout.htmlhead"/>
   </definition>

   <definition name="popup.upload" template="/layout/popup/upload.jsp"/>

   <definition name="popup.image" extends="popup">
      <put name="title" value="Upload Afbeelding"/>
      <put name="body" value="popup.image.page"/>
   </definition>

   <definition name="popup.image.page" extends="popup.upload">
      <put name="builder" value="images"/>
      <put name="name" value="Afbeelding"/>
      <put name="donemethod" value="setImage"/>
   </definition>

   <definition name="popup.attachment" extends="popup">
      <put name="title" value="Upload Bestand"/>
      <put name="body" value="popup.attachment.page"/>
   </definition>

   <definition name="popup.attachment.page" extends="popup.upload">
      <put name="builder" value="attachments"/>
      <put name="name" value="Bestand"/>
      <put name="donemethod" value="setAttachment"/>
   </definition>



   <!-- LAYOUT DEFINITIONS: Menus -->
   <definition name="menu.main" template="/layout/menu/mainmenu.jsp">
      <putList name="items">
      	 <add value="menu.mainmenuitem.allprojectlist"/>
         <add value="menu.mainmenuitem.projectlist"/>
         <add value="menu.mainmenuitem.settings"/>
         <add value="menu.mainmenuitem.userlist"/>
         <add value="menu.mainmenuitem.logout"/>
      </putList>
   </definition>

   <definition name="menu.project" template="/layout/menu/projectmenu.jsp"/>

   <definition name="menu.project.empty" extends="menu.project">
      <putList name="items"/>
   </definition>

   <definition name="menu.project.filled" extends="menu.project">
      <putList name="items">
         <add value="menu.projectmenuitem.articlelist"/>
         <add value="menu.projectmenuitem.documentlist"/>
         <add value="menu.projectmenuitem.userlist"/>
         <add value="menu.projectmenuitem.forum"/>
         <add value="menu.projectmenuitem.projectsettings"/>
         <add value="menu.projectmenuitem.mailing"/>
      </putList>
   </definition>



   <!-- LAYOUT DEFINITIONS: Menu Items -->
   <definition name="menu.menuitem" template="/layout/menu/menuitem.jsp"/>

   <definition name="menu.mainmenuitem.allprojectlist" extends="menu.menuitem">
      <put name="text" value="Alle projecten"/>
      <put name="href" value="page.jsp?page=allprojectlist"/>
      <put name="style" value="mainMenuProjecten"/>
   </definition>

   <definition name="menu.mainmenuitem.projectlist" extends="menu.menuitem">
      <put name="text" value="Mijn Projecten"/>
      <put name="href" value="page.jsp?page=projectlist"/>
      <put name="style" value="mainMenuProjecten"/>
   </definition>

   <definition name="menu.mainmenuitem.userlist" extends="menu.menuitem">
      <put name="text" value="Gebruikers"/>
      <put name="href" value="page.jsp?page=userlist"/>
      <put name="style" value="mainMenuGebruikers"/>
      <put name="role" value="administrator"/>
   </definition>

   <definition name="menu.mainmenuitem.settings" extends="menu.menuitem">
      <put name="text" value="Instellingen"/>
      <put name="href" value="page.jsp?page=settings"/>
      <put name="style" value="mainMenuInstellingen"/>
      <put name="role" value="administrator"/>
   </definition>

   <definition name="menu.mainmenuitem.logout" extends="menu.menuitem">
      <put name="text" value="Logout"/>
      <put name="href" value="logout.jsp"/>
      <put name="style" value="mainMenuLogout"/>
   </definition>

   <definition name="menu.projectmenuitem.articlelist" extends="menu.menuitem">
      <put name="text" value="Artikelen"/>
      <put name="href" value="page.jsp?page=project.articlelist"/>
   </definition>

   <definition name="menu.projectmenuitem.documentlist" extends="menu.menuitem">
      <put name="text" value="Bestanden"/>
      <put name="href" value="page.jsp?page=project.documentlist"/>
   </definition>

   <definition name="menu.projectmenuitem.userlist" extends="menu.menuitem">
      <put name="text" value="Gebruikers"/>
      <put name="href" value="page.jsp?page=project.userlist"/>
   </definition>

   <definition name="menu.projectmenuitem.forum" extends="menu.menuitem">
      <put name="text" value="Forum"/>
      <put name="href" value="page.jsp?page=project.forum"/>
   </definition>

   <definition name="menu.projectmenuitem.projectsettings" extends="menu.menuitem">
      <put name="text" value="Project Gegevens"/>
      <put name="href" value="page.jsp?page=project.project.edit"/>
      <put name="role" value="project manager"/>
   </definition>

   <definition name="menu.projectmenuitem.mailing" extends="menu.menuitem">
      <put name="text" value="Mailing"/>
      <put name="href" value="page.jsp?page=project.mailing"/>
      <put name="role" value="project manager"/>
   </definition>




   <!-- LAYOUT DEFINITIONS: Utils -->

   <definition name="version" template="/layout/common/version.jsp"/>
   <definition name="editdone" template="/layout/common/editdone.jsp"/>
   <definition name="projectlink" template="/layout/common/projectlink.jsp"/>
   <definition name="applylink" template="/layout/common/applylink.jsp"/>
   <definition name="articlelink" template="/layout/common/articlelink.jsp"/>
   <definition name="documentlink" template="/layout/common/documentlink.jsp"/>
   <definition name="folderlink" template="/layout/common/folderlink.jsp"/>
   <definition name="userlink" template="/layout/common/userlink.jsp"/>
   <definition name="number_to_date" template="/layout/common/number_to_date.jsp"/>
   <definition name="backlink" template="/layout/common/backlink.jsp"/>
   <definition name="forumthreadlink" template="/layout/common/forumthreadlink.jsp"/>




  <!-- =======================================================  -->
  <!-- SEND MAIL, vervang de parameters met iets geldigs        -->
  <!-- =======================================================  -->
   <definition name="sendmail" template="/layout/common/sendmail.jsp">
      <put name="toemail" value="[replace in logic]" />
      <put name="toname" value="[replace in logic]" />
      <put name="subject" value="[replace in logic]" />
      <put name="body" value="[replace in logic]" />
   </definition>

</tiles-definitions>
