<?xml version="1.0" encoding="UTF-8"?>
<!DOCTYPE builder PUBLIC "-//MMBase//DTD builder config 1.1//EN" "http://www.mmbase.org/dtd/builder_1_1.dtd">
<builder name="mmbaseranks" maintainer="www.mmbase.org" version="1" extends="object">
  <classfile>org.mmbase.security.implementation.cloudcontext.builders.Ranks</classfile>
  <names>
    <singular xml:lang="en">Security Rank</singular>
    <singular xml:lang="nl">Security rang</singular>
    <singular xml:lang="eo">MMBase-rango</singular>
    <plural xml:lang="en">MMBase Ranks</plural>
    <plural xml:lang="nl">MMBase Rangen</plural>
    <plural xml:lang="eo">MMBase-rangoj</plural>
  </names>
  <descriptions>
    <description xml:lang="en">
      Ranks used by cloud context security implementation
    </description>
    <description xml:lang="nl">
    </description>
  </descriptions>
  <fieldlist>
    <field>
      <gui>
        <guiname xml:lang="nl">Rang</guiname>
        <guiname xml:lang="eo">Rango</guiname>
        <guiname xml:lang="en">Rank</guiname>
      </gui>
      <editor>
        <positions>
          <list>2</list>
        </positions>
      </editor>
      <db>
        <name>rank</name>
        <type state="persistent" notnull="true" key="true">INTEGER</type>
      </db>
    </field>
    <field>
      <gui>
        <guiname xml:lang="nl">Naam</guiname>
        <guiname xml:lang="eo">Nomo</guiname>
        <guiname xml:lang="en">Name</guiname>
      </gui>
      <editor>
        <positions>
          <list>1</list>
        </positions>
      </editor>
      <db>
        <name>name</name>
        <type state="persistent" size="32" notnull="true" key="true">STRING</type>
      </db>
    </field>
    <field>
      <gui>
        <guiname xml:lang="en">Description</guiname>
        <guiname xml:lang="nl">Omschrijving</guiname>
        <guiname xml:lang="eo">Priskribo</guiname>
        <guitype>field</guitype>
      </gui>
      <db>
        <name>description</name>
        <type state="persistent" size="1024" notnull="false">STRING</type>
      </db>
    </field>
  </fieldlist>
</builder>
