<?xml version="1.0" encoding="UTF-8"?>
<!DOCTYPE builder PUBLIC "-//MMBase//DTD builder config 1.1//EN" "http://www.mmbase.org/dtd/builder_1_1.dtd">
<builder name="mmbaseusers" maintainer="www.mmbase.org" version="1" extends="object">
  <classfile>org.mmbase.security.implementation.cloudcontext.builders.Users</classfile>
  <names>
    <singular xml:lang="en">Security Account</singular>
    <singular xml:lang="nl">Security account</singular>
    <singular xml:lang="eo">Sekureca uzulo</singular>
    <plural xml:lang="en">Security Users</plural>
    <plural xml:lang="nl">Security gebruikers</plural>
    <plural xml:lang="eo">Sekurecaj uzuloj</plural>
  </names>
  <descriptions>
    <description xml:lang="en">
      MMBase users, builder which contains all users from the system. Passwords will be encrypted
      with the encoding mentioned in properties
    </description>
    <description xml:lang="nl">
      MMBase gebruikers. In deze builder kunnen alle gebruikers van het systeem worden
      opgeslagen. Wachtwoorden worden gecodeert.
    </description>
    <description xml:lang="eo">
      MMBase-uzantoj. En ĉi tiu stoko la uzantoj de la sistemo povas stokiĝi. Pasvortoj estas
      ĉifrataj.
    </description>
  </descriptions>
  <fieldlist>
    <field>
      <gui>
        <guiname xml:lang="nl">Account</guiname>
        <guiname xml:lang="eo">Uzulo</guiname>
        <guiname xml:lang="en">Account</guiname>
        <guitype>string</guitype>
      </gui>
      <editor>
        <positions>
          <list>1</list>
        </positions>
      </editor>
      <db>
        <name>username</name>
        <type state="persistent" size="32" notnull="true" key="true">STRING</type>
      </db>
    </field>
    <field>
      <gui>
        <guiname xml:lang="nl">Wachtwoord</guiname>
        <guiname xml:lang="eo">Pasvorto</guiname>
        <guiname xml:lang="en">Password</guiname>
        <guitype>md5password</guitype>
      </gui>
      <editor>
        <positions>
          <list>-1</list>
          <search>-1</search>
        </positions>
      </editor>
      <db>
        <name>password</name>
        <type state="persistent" size="32" notnull="true">STRING</type>
      </db>
    </field>
    <field>
      <gui>
        <guiname xml:lang="nl">Bevestig wachtwoord</guiname>
        <guiname xml:lang="eo">Konfirmu pasvorton</guiname>
        <guiname xml:lang="en">Confirm Password</guiname>
        <guitype>confirmpassword</guitype>
      </gui>
      <editor>
        <positions>
          <list>-1</list>
          <search>-1</search>
        </positions>
      </editor>
      <db>
        <name>confirmpassword</name>
        <type state="virtual" size="32" notnull="true">STRING</type>
      </db>
    </field>
    <field>
      <gui>
        <guiname xml:lang="nl">Default Context</guiname>
        <guiname xml:lang="en">Default Context</guiname>
        <guiname xml:lang="eo">Defaŭlta kontekto</guiname>
        <guitype>mmbasecontexts</guitype>
      </gui>
      <editor>
        <positions>
          <list>2</list>
        </positions>
      </editor>
      <db>
        <name>defaultcontext</name>
        <type state="persistent" notnull="true" key="false">NODE</type>
      </db>
    </field>
    <field>
      <gui>
        <guiname xml:lang="nl">Status</guiname>
        <guiname xml:lang="en">Status</guiname>
        <guiname xml:lang="eo">Statuso</guiname>
        <guitype>org.mmbase.security.status</guitype>
      </gui>
      <editor>
        <positions>
          <list>3</list>
        </positions>
      </editor>
      <db>
        <name>status</name>
        <type state="persistent" notnull="true">INTEGER</type>
      </db>
    </field>

    <field>
      <gui>
        <guiname xml:lang="nl">Geldig vanaf</guiname>
        <guiname xml:lang="en">Valid from</guiname>
        <guiname xml:lang="eo">Valida ekde</guiname>
        <guitype>eventtime</guitype>
      </gui>
      <editor>
        <positions>
          <list>4</list>
        </positions>
      </editor>
      <db>
        <name>validfrom</name>
        <type state="persistent" notnull="true">LONG</type>
      </db>
    </field>

    <field>
      <gui>
        <guiname xml:lang="nl">Geldig tot</guiname>
        <guiname xml:lang="en">Valid to</guiname>
        <guiname xml:lang="eo">Valida ĝis</guiname>
        <guitype>eventtime</guitype>
      </gui>
      <editor>
        <positions>
          <list>5</list>
        </positions>
      </editor>
      <db>
        <name>validto</name>
        <type state="persistent" notnull="true">LONG</type>
      </db>
    </field>

    <field>
      <gui>
        <guiname xml:lang="nl">Laatste login</guiname>
        <guiname xml:lang="en">Last logon</guiname>
        <guiname xml:lang="eo">Lastfoja saluto</guiname>
        <guitype>eventtime</guitype>
      </gui>
      <editor>
        <positions>
          <input>-1</input>
          <list>6</list>
        </positions>
      </editor>
      <db>
        <name>lastlogon</name>
        <type state="persistent" notnull="true">LONG</type>
      </db>
    </field>

  </fieldlist>
</builder>
