<?xml version="1.0" encoding="UTF-8"?>
<!DOCTYPE builder PUBLIC "-//MMBase//DTD builder config 1.1//EN" "http://www.mmbase.org/dtd/builder_1_1.dtd">
<builder name="mmbasecontexts" maintainer="mmbase.org" version="0" extends="object">
  <classfile>org.mmbase.security.implementation.cloudcontext.builders.Contexts</classfile>

  <!-- if you associate (by 'account' field) people nodes you might like this -->
  <!--classfile>org.mmbase.security.implementation.cloudcontext.builders.PeopleContexts</classfile-->
  <names>
    <singular xml:lang="en">Security Context</singular>
    <singular xml:lang="nl">Security context</singular>
    <singular xml:lang="eo">Sekureca konteksto</singular>
    <plural xml:lang="en">Security Contexts</plural>
    <plural xml:lang="nl">Security Contexten</plural>
    <plural xml:lang="eo">Sekuracaj kontekstoj</plural>
  </names>
  <descriptions>
    <description xml:lang="en">MMBase security contexts</description>
    <description xml:lang="nl">MMBase contexten voor security</description>
  </descriptions>
  <properties>
    <property name="readall">false</property>
    <!-- if true, read rights never need a check -->
    <property name="allcontextspossible">true</property>
    <!-- 
    if this is true, and if you have the 'change context' right, then you may change to every existing context 
    if this is false, then there also need to exist a relation 'allowed' between the current context and the contexts you want the node the change to 
    (you can create a workflow mechanism like that)
    The security editors do not yet implement context->context relations.
    -->
    <property name="maxcontextsinquery">50</property>
    <!-- 
    When checking read rights, to querys things like 'WHERE owner in (<list of contexts>)' can
    appear. This property is an indication for how much the query may (expressed in the number of times
    one contexts is added to the query) grow. If the query would have to be more complex this is not
    done, but the result is checked.
    -->

  </properties>
  <fieldlist>
    <field>
      <gui>
        <guiname xml:lang="en">Name</guiname>
        <guiname xml:lang="nl">Naam</guiname>
        <guiname xml:lang="eo">Nomo</guiname>
        <guitype>string</guitype>
      </gui>
      <editor>
        <positions>
          <list>1</list>
        </positions>
      </editor>
      <db>
        <name>name</name>
        <type state="persistent" size="32" notnull="true" key="true">STRING</type>
      </db>
    </field>
    <field>
      <gui>
        <guiname xml:lang="en">Description</guiname>
        <guiname xml:lang="nl">Omschrijving</guiname>
        <guiname xml:lang="eo">Priskribo</guiname>
        <guitype>field</guitype>
      </gui>
      <db>
        <name>description</name>
        <type state="persistent" size="1024" notnull="false">STRING</type>
      </db>
    </field>
  </fieldlist>
</builder>
