<?xml version="1.0" encoding="UTF-8"?>
<!DOCTYPE builder PUBLIC "-//MMBase//DTD builder config 1.1//EN" "http://www.mmbase.org/dtd/builder_1_1.dtd">
<builder name="rightsrel" maintainer="www.mmbase.org" version="1" extends="insrel">
  <status>active</status>
  <classfile>org.mmbase.security.implementation.cloudcontext.builders.RightsRel</classfile>
  <searchage>14</searchage>
  <names>
    <singular xml:lang="en">Rights relation</singular>
    <singular xml:lang="nl">Rechten relatie</singular>
    <plural xml:lang="en">Rights relations</plural>
    <plural xml:lang="nl">Rechten relaties</plural>
  </names>
  <descriptions>
    <description xml:lang="nl">Rights (context-group) relations for security</description>
    <description xml:lang="en">Rechten (context-groep) relaties voor security</description>
  </descriptions>
  <properties/>
  <fieldlist>
    <field>
      <gui>
        <guiname xml:lang="fr">Operation</guiname>
        <guiname xml:lang="nl">Operatie</guiname>
        <guiname xml:lang="eo">Ago</guiname>
        <guiname xml:lang="en">Operation</guiname>
        <guitype>string</guitype>
      </gui>
      <editor>
        <positions>
          <list>3</list>
        </positions>
      </editor>
      <db>
        <name>operation</name>
        <type state="persistent" size="15" notnull="true">STRING</type>
      </db>
    </field>
  </fieldlist>
</builder>
