<?xml version="1.0" encoding="UTF-8"?>
<!DOCTYPE builder PUBLIC "-//MMBase//DTD builder config 1.1//EN" "http://www.mmbase.org/dtd/builder_1_1.dtd">
<builder name="attachments" maintainer="mmbase.org" version="0" extends="object">
<!-- @version $Id: attachments.xml,v 1.1 2004/04/01 09:23:57 freek Exp $ -->
<!-- <status>
		what is the status of this builder options : active or inactive
-->
<status>active</status>

<!-- <classfile>
		This is a optional tag, it names the classfile that allows you to add
		support routines or changes them on a per builder base. For example
		images has routines to image support etc etc.

		possible values : Dummy or disabled tag makes mmbase use the default setup

				short name : Urls will start class : org.mmbase.module.builders.Urls.class

				long name : nl.vpro.mmbase.module.builders.Urls will start that class
-->
<classfile>Attachments</classfile>

<searchage>31</searchage>

<!-- <names>
		names defines the different names used in user visible parts, singular for
		for talking about 1 object (Url,Person) and plurar for talking about multiple
		<Urls, people).
>-->
<names>
		<!-- singles per language as defined by ISO 639 -->
		<singular xml:lang="en">Attachment</singular>
		<singular xml:lang="nl">Bijlage</singular>
		<!-- multiple per language as defined by ISO 639 -->
		<plural xml:lang="en">Attachments</plural>
		<plural xml:lang="nl">Bijlagen</plural>
</names>

<!-- <descriptions>
		small description of the builder for human reading
-->
<descriptions>
<!-- descriptions per language as defined by ISO 639  -->
		<description xml:lang="en">Attachment, such as a PDF file</description>
		<description xml:lang="nl">Bijlage, zoals een PDF bestand</description>
</descriptions>

<!-- <fieldlist>
		 defines the different fields in this object, be carefull the order is important
		once defined keep them in the same order.
		If you use number and owner (the 2 default fields, please check the docs for this)
-->
<fieldlist>
		<!-- POS 3 : <field> 'title'  -->
				 <field>
				<descriptions>
					<!-- descriptions per language as defined by ISO 639  -->
					<description xml:lang="en">Title of the attachment</description>
					<description xml:lang="nl">Titel van de bijlage</description>
				</descriptions>
				<!-- gui related -->
				<gui>
						<guiname xml:lang="en">Title</guiname>
						<guiname xml:lang="nl">Titel</guiname>
						<guitype>string</guitype>
				</gui>
				<!-- editor related  -->
				<editor>
						<positions>
								<!-- position in the input area of the editor -->
								<input>1</input>
								<!-- position in list area of the editor -->
								<list>1</list>
								<!-- position in search area of the editor -->
								<search>1</search>
						</positions>
				</editor>
				<!-- database related  -->
				<db>
						<!-- name of the field in the database -->
						<name>title</name>
						<!-- MMBase datatype and demands on it -->
						<type state="persistent" size="255" notnull="false" key="false">STRING</type>
				</db>
		</field>

		<!-- POS 4 : <field> 'description'  -->
				 <field>
				<descriptions>
					<!-- descriptions per language as defined by ISO 639  -->
					<description xml:lang="en">Description of the attachment</description>
					<description xml:lang="nl">Omschrijving van de bijlage</description>
				</descriptions>
				<!-- gui related -->
				<gui>
						<guiname xml:lang="en">Description</guiname>
						<guiname xml:lang="nl">Omschrijving</guiname>
						<guitype>field</guitype>
				</gui>
				<!-- editor related  -->
				<editor>
						<positions>
								<!-- position in the input area of the editor -->
								<input>2</input>
								<!-- position in list area of the editor -->
								<list>2</list>
								<!-- position in search area of the editor -->
								<search>2</search>
						</positions>
				</editor>
				<!-- database related  -->
				<db>
						<!-- name of the field in the database -->
						<name>description</name>
						<!-- MMBase datatype and demands on it -->
						<type state="persistent" size="64000" notnull="false" key="false">STRING</type>
				</db>
		</field>

		<!-- POS 5 : <field> 'mimetype'  -->
				 <field>
				<descriptions>
					<!-- descriptions per language as defined by ISO 639  -->
					<description xml:lang="en">Mimetype of the attachment, default: application/binary</description>
					<description xml:lang="nl">Mimetype van de bijlage, standaard: application/binary</description>
				</descriptions>
				<!-- gui related -->
				<gui>
						<guiname xml:lang="en">MimeType</guiname>
						<guiname xml:lang="nl">MimeType</guiname>
						<guitype>string</guitype>
				</gui>
				<!-- editor related  -->
				<editor>
						<positions>
								<!-- position in the input area of the editor -->
								<input>-1</input>
								<!-- position in list area of the editor -->
								<list>3</list>
								<!-- position in search area of the editor -->
								<search>3</search>
						</positions>
				</editor>
				<!-- database related  -->
				<db>
						<!-- name of the field in the database -->
						<name>mimetype</name>
						<!-- MMBase datatype and demands on it -->
						<type state="persistent" size="32" notnull="true" key="false">STRING</type>
				</db>
		</field>

		<!-- POS 6 : <field> 'filename'  -->
				 <field>
				<descriptions>
					<!-- descriptions per language as defined by ISO 639  -->
					<description xml:lang="en">Original filename of attachment if it was an uploaded file</description>
					<description xml:lang="nl">Oorspronkelijke bestandsnaam als de bijlage een ge-uplaod bestand betreft</description>
				</descriptions>
				<!-- gui related -->
				<gui>
						<guiname xml:lang="en">Filename</guiname>
						<guiname xml:lang="nl">Bestandsnaam</guiname>
						<guitype>string</guitype>
				</gui>
				<!-- editor related  -->
				<editor>
						<positions>
								<!-- position in the input area of the editor -->
								<input>-1</input>
								<!-- position in list area of the editor -->
								<list>-1</list>
								<!-- position in search area of the editor -->
								<search>4</search>
						</positions>
				</editor>
				<!-- database related  -->
				<db>
						<!-- name of the field in the database -->
						<name>filename</name>
						<!-- MMBase datatype and demands on it -->
						<type state="persistent" size="128" notnull="true" key="false">STRING</type>
				</db>
		</field>

		<!-- POS 7 : <field> 'size'  -->
				 <field>
				<descriptions>
					<!-- descriptions per language as defined by ISO 639  -->
					<description xml:lang="en">Size of the attachment in bytes</description>
					<description xml:lang="nl">Grootte van de bijlage in bytes</description>
				</descriptions>
				<!-- gui related -->
				<gui>
						<guiname xml:lang="en">Size</guiname>
						<guiname xml:lang="nl">Grootte</guiname>
						<guitype>integer</guitype>
				</gui>
				<!-- editor related  -->
				<editor>
						<positions>
								<!-- position in the input area of the editor -->
								<input>-1</input>
								<!-- position in list area of the editor -->
								<list>4</list>
								<!-- position in search area of the editor -->
								<search>-1</search>
						</positions>
				</editor>
				<!-- database related  -->
				<db>
						<!-- name of the field in the database -->
						<name>size</name>
						<!-- MMBase datatype and demands on it -->
						<type state="persistent" notnull="true" key="false">INTEGER</type>
				</db>
		</field>

		<!-- POS 8 : <field> 'handle'  -->
				 <field>
				<descriptions>
					<!-- descriptions per language as defined by ISO 639  -->
					<description xml:lang="en">The attachment (which you can upload as a file)</description>
					<description xml:lang="nl">De bijlage, up te loaden als een bestand</description>
				</descriptions>
				<!-- gui related -->
				<gui>
						<guiname xml:lang="en">File</guiname>
						<guiname xml:lang="nl">Bestand</guiname>
						<guitype>newfile</guitype>
				</gui>
				<!-- editor related  -->
				<editor>
						<positions>
								<!-- position in the input area of the editor -->
								<input>3</input>
								<!-- position in list area of the editor -->
								<list>-1</list>
								<!-- position in search area of the editor -->
								<search>-1</search>
						</positions>
				</editor>
				<!-- database related  -->
				<db>
						<!-- name of the field in the database -->
						<name>handle</name>
						<!-- MMBase datatype and demands on it -->
						<type state="persistent" size="16777215" notnull="true" key="false">BYTE</type>
				</db>
		</field>

</fieldlist>

</builder>
