<?xml version="1.0" encoding="UTF-8"?>
<!DOCTYPE builder PUBLIC "-//MMBase//DTD builder config 1.1//EN" "http://www.mmbase.org/dtd/builder_1_1.dtd">
<builder name="icaches" maintainer="mmbase.org" version="0" extends="object">
	<classfile>ImageCaches</classfile>

	<searchage>14</searchage>

	<names>
		 <singular xml:lang="en">Cached Image</singular>
		 <singular xml:lang="nl">Gebufferd Plaatje</singular>
		 <singular xml:lang="fr">Image Antémémoire</singular>
		 <singular xml:lang="eo">Kaŝmemorita Bildo</singular>
		 <singular xml:lang="it">Immagine nella memoria nascosta</singular>

		 <plural xml:lang="en">Cached Images</plural>
		 <plural xml:lang="nl">Gebufferde Plaatjes</plural>
		 <plural xml:lang="fr">Images antémémoire</plural>
		 <plural xml:lang="eo">Kaŝmemoritaj Bildoj</plural>
		 <plural xml:lang="it">Immagini nella memoria nascosta</plural>
	</names>

	<!-- <descriptions>
	small description of the builder for human reading
	-->
	<descriptions>
		 <!-- descriptions per language  as defined by RFC xxx -->
		 <description xml:lang="en">Cache for rendered images</description>
		 <description xml:lang="nl">Buffer  voor bewerkte plaatjes</description>
		 <description xml:lang="fr">Cachant la table pour rendues des images</description>
		 <description xml:lang="eo">Kaŝmemoranta tabelo por konvertitaj bildoj</description>
		 <description xml:lang="it">Memoria nascosta per le immagini elaborate</description>
	</descriptions>

	<properties>
		<property name="max-nodes-from-query">200</property>
	</properties>


	<!-- <fieldlist>
	defines the different fields in this object, be carefull the order is important
	once defined keep them in the same order.
	If you use number and owner (the 2 default fields, please check the docs for this)
	-->
	<fieldlist>
		 <!-- POS 3 : <field> 'ckey'  -->
		 <field>
			 <descriptions>
				 <!-- descriptions per language as defined by ISO 639  -->
				 <description xml:lang="en">Unique key for accessing cached image</description>
				 <description xml:lang="nl">Unieke sleutel om een gecached
				 plaatje op te halen</description>
			 </descriptions>

				<!-- gui related -->
				<gui>
					<guiname xml:lang="en">Ckey</guiname>
					<guiname xml:lang="nl">Ckey</guiname>
					<guiname xml:lang="fr">Ckey</guiname>
					<guiname xml:lang="eo">Ckey</guiname>
					<guiname xml:lang="it">Ckey</guiname>
					<guitype>string</guitype>
				</gui>
				<!-- editor related  -->
				<editor>
					<positions>
						 <!-- position in the input area of the editor -->
						 <input>2</input>
						 <!-- position in list area of the editor -->
						 <list>3</list>
						 <!-- position in search area of the editor -->
						 <search>2</search>
					</positions>
				</editor>
				<!-- database related  -->
				<db>
					<!-- name of the field in the database -->
					<name>ckey</name>
					<!-- MMBase datatype and demands on it -->
					<type state="persistent" size="255" notnull="false" key="true">STRING</type>
				</db>
		 </field>

		 <!-- POS 4 : <field> 'id'  -->
		 <field>
			 <descriptions>
				 <!-- descriptions per language as defined by ISO 639  -->
				 <description xml:lang="en">Reference to the original image</description>
				 <description xml:lang="nl">Refrentie naar de originele afbeelding</description>
			 </descriptions>
				<!-- gui related -->
				<gui>
					<guiname xml:lang="en">ID</guiname>
					<guiname xml:lang="nl">ID</guiname>
					<guiname xml:lang="fr">ID</guiname>
					<guiname xml:lang="eo">ID</guiname>
					<guiname xml:lang="it">ID</guiname>
					<guitype>integer</guitype>
				</gui>
				<!-- editor related  -->
				<editor>
					<positions>
						 <!-- position in the input area of the editor -->
						 <input>3</input>
						 <!-- position in list area of the editor -->
						 <list>3</list>
						 <!-- position in search area of the editor -->
						 <search>3</search>
					</positions>
				</editor>
				<!-- database related  -->
				<db>
					<!-- name of the field in the database -->
					<name>id</name>
					<!-- MMBase datatype and demands on it -->
					<type state="persistent" notnull="false">NODE</type>
				</db>
		 </field>

		 <!-- POS 5 : <field> 'handle'  -->
		 <field>
			 <descriptions>
				 <!-- descriptions per language as defined by ISO 639  -->
				 <description xml:lang="en">The cached image</description>
				 <description xml:lang="nl">Het gecachte plaatje</description>
			 </descriptions>
				<!-- gui related -->
				<gui>
					<guiname xml:lang="en">Image</guiname>
					<guiname xml:lang="nl">Plaatje</guiname>
					<guiname xml:lang="fr">Image</guiname>
					<guiname xml:lang="eo">Bildo</guiname>
					<guiname xml:lang="it">Immagine</guiname>
					<guitype>newimage</guitype>
				</gui>
				<!-- editor related  -->
				<editor>
					<positions>
						 <!-- position in the input area of the editor -->
						 <input>4</input>
						 <!-- position in list area of the editor -->
						 <list>2</list>
						 <!-- position in search area of the editor -->
						 <search>-1</search>
					</positions>
				</editor>
				<!-- database related  -->
				<db>
					<!-- name of the field in the database -->
					<name>handle</name>
					<!-- MMBase datatype and demands on it -->
					<type state="persistent" notnull="false">BYTE</type>
				</db>
		 </field>

		 <!-- POS 6 : <field> 'filesize'  -->
		 <field>
			 <descriptions>
				 <!-- descriptions per language as defined by ISO 639  -->
				 <description xml:lang="en">Filesize of the cached image</description>
				 <description xml:lang="nl">Filegrootte van het gecachte plaatje</description>
			 </descriptions>
				<!-- gui related -->
				<gui>
					<guiname xml:lang="en">Size</guiname>
					<guiname xml:lang="nl">Grootte</guiname>
					<guiname xml:lang="fr">Taille</guiname>
					<guiname xml:lang="eo">Grando</guiname>
					<guiname xml:lang="it">Dimensione</guiname>
					<guitype>integer</guitype>
				</gui>
				<!-- editor related  -->
				<editor>
					<positions>
						 <!-- position in the input area of the editor -->
						 <input>5</input>
						 <!-- position in list area of the editor -->
						 <list>5</list>
						 <!-- position in search area of the editor -->
						 <search>5</search>
					</positions>
				</editor>
				<!-- database related  -->
				<db>
					<!-- name of the field in the database -->
					<name>filesize</name>
					<!-- MMBase datatype and demands on it -->
					<type state="persistent" notnull="false">INTEGER</type>
				</db>
		 </field>

	</fieldlist>

</builder>
