<?xml version="1.0" encoding="UTF-8"?>
<!DOCTYPE builder PUBLIC "-//MMBase//DTD builder config 1.1//EN" "http://www.mmbase.org/dtd/builder_1_1.dtd">
<builder name="images" maintainer="mmbase.org" version="0" extends="object">

	<classfile>Images</classfile>
	<searchage>31</searchage>

	<!-- <names>
	names defines the different names used in user visible parts, singular for
	for talking about 1 object (Url,Person) and plurar for talking about multiple
	<Urls, people).
	>-->
	<names>
		<!-- singles per language as defined by ISO 639 -->
		<singular xml:lang="en">Image</singular>
		<singular xml:lang="fr">Image</singular>
		<singular xml:lang="nl">Afbeelding</singular>
		<singular xml:lang="eo">Bildo</singular>
		<singular xml:lang="it">Immagine</singular>
		<!-- multiple per language as defined by ISO 639 -->
		<plural xml:lang="en">Images</plural>
		<plural xml:lang="fr">Images</plural>
		<plural xml:lang="nl">Afbeeldingen</plural>
		<plural xml:lang="eo">Bildoj</plural>
		<plural xml:lang="it">Immagini</plural>
	</names>

	<!-- <descriptions>
	small description of the builder for human reading
	-->
	<descriptions>
		<!-- descriptions per language as defined by ISO 639  -->
		<description xml:lang="en">Images</description>
		<description xml:lang="fr">Images</description>
		<description xml:lang="nl">Afbeeldingen</description>
		<description xml:lang="eo">Bildoj</description>
		<description xml:lang="it">Immagini</description>
	</descriptions>

	<!-- <properties>
	you can define properties to be used by the classfile (if used) it uses
	a key/value system. Its a optional tag.
	-->
	<properties>
		<property name="max-nodes-from-query">200</property>

      <!-- convert using JAI http://java.sun.com/products/java-media/jai/index.html
      NOTE: not all features provided by ImageMagic are implemented in the JAI converter -->
<!--      <property name="ImageConvertClass">org.mmbase.module.builders.ConvertJAI</property>  -->

      <!-- convert using ImageMagick -->
      <property name="ImageConvertClass">org.mmbase.module.builders.ConvertImageMagick</property>
      <property name="ImageConvert.ConverterCommand">convert</property>
      <property name="ImageConvert.ConverterRoot">/usr/bin/X11/</property>

		 <!-- Dummy converter when both ImageMagick and JAI are unavailable.
					This converter ignores all image-altering features and simply returns the original image.
		 -->
		<!-- <property name="ImageConvertClass">org.mmbase.module.builders.ConvertDummy</property> -->

		<!-- generic property for all converters -->
		<property name="MaxConcurrentRequests">3</property>
	</properties>

	<!-- <fieldlist>
	defines the different fields in this object, be carefull the order is important
	once defined keep them in the same order.
	If you use number and owner (the 2 default fields, please check the docs for this)
	-->
	<fieldlist>
		<!-- POS 3 : <field> 'title'  -->
		<field>
			<descriptions>
				<!-- descriptions per language as defined by ISO 639  -->
				<description xml:lang="en">Title of the image</description>
				<description xml:lang="nl">Titel van de afbeelding</description>
			</descriptions>
			<!-- gui related -->
			<gui>
				<guiname xml:lang="en">Title</guiname>
				<guiname xml:lang="fr">Titre</guiname>
				<guiname xml:lang="nl">Titel</guiname>
				<guiname xml:lang="eo">Titolo</guiname>
				<guiname xml:lang="it">Titolo</guiname>
				<guitype>string</guitype>
			</gui>
			<!-- editor related  -->
			<editor>
				<positions>
					<!-- position in the input area of the editor -->
					<input>1</input>
					<!-- position in list area of the editor -->
					<list>1</list>
					<!-- position in search area of the editor -->
					<search>1</search>
				</positions>
			</editor>
			<!-- database related  -->
			<db>
				<!-- name of the field in the database -->
				<name>title</name>
				<!-- MMBase datatype and demands on it -->
				<type state="persistent" size="255" notnull="true" key="false">STRING</type>
			</db>
		</field>

		<!-- POS 4 : <field> 'description'  -->
		<field>
			<descriptions>
				<!-- descriptions per language as defined by ISO 639  -->
				<description xml:lang="en">Description of the image</description>
				<description xml:lang="nl">Omschrijving van de afbeelding</description>
			</descriptions>
			<!-- gui related -->
			<gui>
				<guiname xml:lang="en">Description</guiname>
				<guiname xml:lang="fr">Description</guiname>
				<guiname xml:lang="nl">Omschrijving</guiname>
				<guiname xml:lang="eo">Priskribo</guiname>
				<guiname xml:lang="it">Descrizione</guiname>
				<guitype>field</guitype>
			</gui>
			<!-- editor related  -->
			<editor>
				<positions>
					<!-- position in the input area of the editor -->
					<input>3</input>
					<!-- position in list area of the editor -->
					<list>3</list>
					<!-- position in search area of the editor -->
					<search>2</search>
				</positions>
			</editor>
			<!-- database related  -->
			<db>
				<!-- name of the field in the database -->
				<name>description</name>
				<!-- MMBase datatype and demands on it -->
				<type state="persistent" size="1024" notnull="true" key="false">STRING</type>
			</db>
		</field>

		<!-- POS 5 : <field> 'handle'  -->
		<field>
			<descriptions>
				<!-- descriptions per language as defined by ISO 639  -->
				<description xml:lang="en">The image itself (binary data)</description>
				<description xml:lang="nl">De afbeelding zelf (binarie data)</description>
			</descriptions>
			<!-- gui related -->
			<gui>
				<guiname xml:lang="en">Image</guiname>
				<guiname xml:lang="fr">Image</guiname>
				<guiname xml:lang="nl">Plaatje</guiname>
				<guiname xml:lang="eo">Bildo</guiname>
				<guiname xml:lang="it">Immagine</guiname>
				<guitype>newimage</guitype>
			</gui>
			<!-- editor related  -->
			<editor>
				<positions>
					<!-- position in the input area of the editor -->
					<input>4</input>
					<!-- position in list area of the editor -->
					<list>2</list>
					<!-- position in search area of the editor -->
					<search>-1</search>
				</positions>
			</editor>
			<!-- database related  -->
			<db>
				<!-- name of the field in the database -->
				<name>handle</name>
				<!-- MMBase datatype and demands on it -->
				<type state="persistent" size="16777215" notnull="true" key="false">BYTE</type>
			</db>
		</field>

		<!-- POS 6 : <field> 'itype'  -->
		<field>
			<descriptions>
				<!-- descriptions per language as defined by ISO 639  -->
				<description xml:lang="en">Mimetype of the image</description>
				<description xml:lang="nl">Mimetype van de afbeelding</description>
			</descriptions>
			<!-- gui related -->
			<gui>
				<guiname xml:lang="en">ImageType</guiname>
				<guiname xml:lang="fr">ImageTapent</guiname>
				<guiname xml:lang="nl">PlaatjesType</guiname>
				<guiname xml:lang="eo">Bildotipo</guiname>
				<guiname xml:lang="it">ImmagineTipo</guiname>
				<guitype>string</guitype>
			</gui>
			<!-- editor related  -->
			<editor>
				<positions>
					<!-- position in the input area of the editor -->
					<input>-1</input>
					<!-- position in list area of the editor -->
					<list>-1</list>
					<!-- position in search area of the editor -->
					<search>-1</search>
				</positions>
			</editor>
			<!-- database related  -->
			<db>
				<!-- name of the field in the database -->
				<name>itype</name>
				<!-- MMBase datatype and demands on it -->
				<type state="persistent" size="32" notnull="true" key="false">STRING</type>
			</db>
		</field>


      <!-- POS 7 : <field> 'caption'  -->
      <field>
         <descriptions>
            <!-- descriptions per language as defined by ISO 639  -->
            <description xml:lang="en">Caption of the image</description>
            <description xml:lang="nl">Bijschrift van de foto</description>
         </descriptions>
         <!-- gui related -->
         <gui>
            <guiname xml:lang="en">Caption</guiname>
            <guiname xml:lang="fr">Caption</guiname>
            <guiname xml:lang="nl">Bijschrift</guiname>
            <guiname xml:lang="eo">Priskribo</guiname>
            <guiname xml:lang="it">Captione</guiname>
            <guitype>field</guitype>
         </gui>
         <!-- editor related  -->
         <editor>
            <positions>
               <!-- position in the input area of the editor -->
               <input>2</input>
               <!-- position in list area of the editor -->
               <list>3</list>
               <!-- position in search area of the editor -->
               <search>2</search>
            </positions>
         </editor>
         <!-- database related  -->
         <db>
            <!-- name of the field in the database -->
            <name>caption</name>
            <!-- MMBase datatype and demands on it -->
            <type state="persistent" size="2048" notnull="true" key="false">STRING</type>
         </db>
      </field>

	</fieldlist>

</builder>
