<?xml version="1.0" encoding="UTF-8"?>
<!DOCTYPE builder PUBLIC "-//MMBase//DTD builder config 1.1//EN" "http://www.mmbase.org/dtd/builder_1_1.dtd">
<builder name="insrel" maintainer="mmbase.org" version="0" extends="object">

<classfile>org.mmbase.module.corebuilders.InsRel</classfile>

<searchage>14</searchage>

<names>
	<!-- singles per language as defined by ISO 639 -->
	<singular xml:lang="en">Relation</singular>
	<singular xml:lang="nl">Relatie</singular>
	<singular xml:lang="eo">Rilato</singular>
	<singular xml:lang="it">Relazione</singular>
	<!-- multiple per language as defined by ISO 639 -->
	<plural xml:lang="en">Relations</plural>
	<plural xml:lang="nl">Relaties</plural>
	<plural xml:lang="eo">Rilatoj</plural>
	<plural xml:lang="it">Relazioni</plural>
</names>

<!-- <descriptions>
	small description of the builder for human reading
-->
<descriptions>
<!-- descriptions per language as defined by ISO 639  -->
	<description xml:lang="en">Basic relation</description>
	<description xml:lang="nl">Basis relatie</description>
	<description xml:lang="eo">Baza rilato</description>
	<description xml:lang="it">Relazione base</description>
</descriptions>

<!-- <fieldlist>
	 defines the different fields in this object, be carefull the order is important
	once defined keep them in the same order.
	If you use number and owner (the 2 default fields, please check the docs for this)
-->
<fieldlist>
	<!-- POS 3 : <field> 'snumber'  -->
	<field>
		<descriptions>
			<!-- descriptions per language as defined by ISO 639  -->
			<description xml:lang="en">Objectnumber of this relation's source</description>
			<description xml:lang="nl">Objectnummer van de bron van deze relatie</description>
		</descriptions>
		<!-- gui related -->
		<gui>
			<guiname xml:lang="en">Source</guiname>
			<guiname xml:lang="nl">Bron</guiname>
			<guiname xml:lang="eo">Fonto</guiname>
			<guiname xml:lang="it">Fonte</guiname>
			<guitype>integer</guitype>
		</gui>
		<!-- editor related  -->
		<editor>
			<positions>
				<!-- position in the input area of the editor -->
				<input>-1</input>
				<!-- position in list area of the editor -->
				<list>1</list>
				<!-- position in search area of the editor -->
				<search>1</search>
			</positions>
		</editor>
		<!-- database related  -->
		<db>
			<!-- name of the field in the database -->
			<name>snumber</name>
			<!-- MMBase datatype and demands on it -->
			<type state="persistent" notnull="true" key="false">NODE</type>
		</db>
	</field>

	<!-- POS 4 : <field> 'dnumber'  -->
	<field>
		<descriptions>
			<!-- descriptions per language as defined by ISO 639  -->
			<description xml:lang="en">Objectnumber of this relation's destination</description>
			<description xml:lang="nl">Objectnummer van het doel van deze relatie</description>
		</descriptions>
		<!-- gui related -->
		<gui>
			<guiname xml:lang="en">Destination</guiname>
			<guiname xml:lang="nl">Bestemming</guiname>
			<guiname xml:lang="eo">Celo</guiname>
			<guiname xml:lang="it">Destinazione</guiname>
			<guitype>integer</guitype>
		</gui>
		<!-- editor related  -->
		<editor>
			<positions>
				<!-- position in the input area of the editor -->
				<input>-1</input>
				<!-- position in list area of the editor -->
				<list>2</list>
				<!-- position in search area of the editor -->
				<search>2</search>
			</positions>
		</editor>
		<!-- database related  -->
		<db>
			<!-- name of the field in the database -->
			<name>dnumber</name>
			<!-- MMBase datatype and demands on it -->
			<type state="persistent" notnull="true" key="false">NODE</type>
		</db>
	</field>

	<!-- POS 5 : <field> 'rnumber'  -->
	<field>
		<descriptions>
			<!-- descriptions per language as defined by ISO 639  -->
			<description xml:lang="en">This relation's type objectnumber</description>
			<description xml:lang="nl">Objectnummer van het relatietype van
			deze relatie</description>
		</descriptions>
		<!-- gui related -->
		<gui>
			<guiname xml:lang="en">Relation</guiname>
			<guiname xml:lang="nl">Relatie</guiname>
			<guiname xml:lang="eo">Rilato</guiname>
			<guiname xml:lang="it">Relazione</guiname>
			<guitype>reldef</guitype>
		</gui>
		<!-- editor related  -->
		<editor>
			<positions>
				<!-- position in the input area of the editor -->
				<input>-1</input>
				<!-- position in list area of the editor -->
				<list>3</list>
				<!-- position in search area of the editor -->
				<search>3</search>
			</positions>
		</editor>
		<!-- database related  -->
		<db>
			<!-- name of the field in the database -->
			<name>rnumber</name>
			<!-- MMBase datatype and demands on it -->
			<type state="persistent" notnull="true" key="false">NODE</type>
		</db>
	</field>

	<!-- POS 6 : <field> 'dir'  -->
	<field>
		<descriptions>
			<!-- descriptions per language as defined by ISO 639  -->
			<description xml:lang="en">Directionality of this relation, can
			be uni or bi-directional (0 or 1)</description>
			<description xml:lang="nl">Richting van deze relatie, kan
			eenricht of tweerichting zijn (0 of 1)</description>
		</descriptions>
		<!-- gui related -->
		<gui>
			<guiname xml:lang="en">Direction</guiname>
			<guiname xml:lang="nl">Richting</guiname>
			<guiname xml:lang="eo">Direkto</guiname>
			<guiname xml:lang="it">Direzione</guiname>
			<guitype>dirs</guitype>
		</gui>
		<!-- editor related  -->
		<editor>
			<positions>
				<!-- position in the input area of the editor -->
				<input>-1</input>
				<!-- position in list area of the editor -->
				<list>-1</list>
				<!-- position in search area of the editor -->
				<search>-1</search>
			</positions>
		</editor>
		<!-- database related  -->
		<db>
			<!-- name of the field in the database -->
			<name>dir</name>
			<!-- MMBase datatype and demands on it -->
			<type state="persistent" notnull="false" key="false">INTEGER</type>
		</db>
	</field>

</fieldlist>

</builder>
