<?xml version="1.0" encoding="UTF-8"?>
<!DOCTYPE builder PUBLIC "-//MMBase//DTD builder config 1.1//EN" "http://www.mmbase.org/dtd/builder_1_1.dtd">
<builder name="mmservers" maintainer="mmbase.org" version="0" extends="object">

<!-- <status>
		what is the status of this builder options : active or inactive
-->
<status>active</status>
		<classfile>MMServers</classfile>

		<searchage>1000</searchage>

		<!-- <names>
				names defines the different names used in user visible parts, singular for
				for talking about 1 object (Url,Person) and plurar for talking about multiple
				<Urls, people).
		>-->
		<names>
				<!-- singles per language as defined by ISO 639 -->
				<singular xml:lang="en">MMBase Server</singular>
				<singular xml:lang="nl">MMBase Server</singular>
				<singular xml:lang="eo">MMBase Servilo</singular>
				<singular xml:lang="it">MMBase Server</singular>
				<!-- multiple per language as defined by ISO 639 -->
				<plural xml:lang="en">MMBase Servers</plural>
				<plural xml:lang="nl">MMBase Servers</plural>
				<plural xml:lang="eo">MMBase Serviloj</plural>
				<plural xml:lang="it">MMBase Servers</plural>
		</names>

		<!-- <descriptions>
				 small description of the builder for human reading
		-->
		<descriptions>
				<!-- descriptions per language as defined by ISO 639  -->
				<description xml:lang="en">MMBase Servers defines node of a MMBase within this system</description>
				<description xml:lang="nl">MMMBase Servers bepaalt de node binnen een MMBase cluster</description>
				<description xml:lang="eo">Tipo MMServilo difinas la nodon en MMBase-aro</description>
				<description xml:lang="it">MMBase Servers definiscono il nodo di un MMBase dentro questo sistema</description>
		</descriptions>

	<properties>
		<!--
		Interval (in seconds) beteen updates in mmservers
		table. Defaults to 60 seconds.
		You can safely set it higher if you have only one server (and spare
		some SQL-queries)    -->
		<property name="ProbeInterval">60</property>
	</properties>


		<!-- <fieldlist>
				defines the different fields in this object, be carefull the order is important
				once defined keep them in the same order.
				If you use number and owner (the 2 default fields, please check the docs for this)
		-->
		<fieldlist>
				<!-- POS 3 : <field> 'name'  -->
				<field>
					<descriptions>
						<!-- descriptions per language as defined by ISO 639  -->
						<description xml:lang="en">Name of MMBase servers inside
						this cluster</description>
						<description xml:lang="nl">Naam van de MMBase servers
						binnen dit cluster</description>
					</descriptions>
						<!-- gui related -->
						<gui>
								<guiname xml:lang="en">Server</guiname>
								<guiname xml:lang="nl">Server</guiname>
								<guiname xml:lang="eo">Servilo</guiname>
								<guiname xml:lang="it">Server</guiname>
								<guitype>string</guitype>
						</gui>
						<!-- editor related  -->
						<editor>
								<positions>
										<!-- position in the input area of the editor -->
										<input>1</input>
										<!-- position in list area of the editor -->
										<list>1</list>
										<!-- position in search area of the editor -->
										<search>1</search>
								</positions>
						</editor>
						<!-- database related  -->
						<db>
								<!-- name of the field in the database -->
								<name>name</name>
								<!-- MMBase datatype and demands on it -->
								<type state="persistent" size="32" notnull="false" key="false">STRING</type>
						</db>
				</field>

				<!-- POS 4 : <field> 'state'  -->
				<field>
					<descriptions>
						<!-- descriptions per language as defined by ISO 639  -->
						<description xml:lang="en">State of MMBase servers inside
						this cluster</description>
						<description xml:lang="nl">Status van de MMBase servers
						binnen dit cluster</description>
					</descriptions>
						<!-- gui related -->
						<gui>
								<guiname xml:lang="en">State</guiname>
								<guiname xml:lang="nl">Status</guiname>
								<guiname xml:lang="eo">Stato</guiname>
								<guiname xml:lang="it">Stato</guiname>
								<guitype>integer</guitype>
						</gui>
						<!-- editor related  -->
						<editor>
								<positions>
										<!-- position in the input area of the editor -->
										<input>2</input>
										<!-- position in list area of the editor -->
										<list>2</list>
										<!-- position in search area of the editor -->
										<search>2</search>
								</positions>
						</editor>
						<!-- database related  -->
						<db>
								<!-- name of the field in the database -->
								<name>state</name>
								<!-- MMBase datatype and demands on it -->
								<type state="persistent" notnull="false" key="false">INTEGER</type>
						</db>
				</field>

				<!-- POS 5 : <field> 'atime'  -->
				<field>
					<descriptions>
						<!-- descriptions per language as defined by ISO 639  -->
						<description xml:lang="en">Time of the last check of this server</description>
						<description xml:lang="nl">De tijd dat deze server voor
						het laatst gecontroleerd is</description>
					</descriptions>
						<!-- gui related -->
						<gui>
								<guiname xml:lang="en">Last Seen</guiname>
								<guiname xml:lang="nl">Laatst Gezien</guiname>
								<guiname xml:lang="eo">Laste vidita</guiname>
								<guiname xml:lang="it">Visto da ultimo</guiname>
								<guitype>eventtime</guitype>
						</gui>
						<!-- editor related  -->
						<editor>
								<positions>
										<!-- position in the input area of the editor -->
										<input>3</input>
										<!-- position in list area of the editor -->
										<list>3</list>
										<!-- position in search area of the editor -->
										<search>3</search>
								</positions>
						</editor>
						<!-- database related  -->
						<db>
								<!-- name of the field in the database -->
								<name>atime</name>
								<!-- MMBase datatype and demands on it -->
								<type state="persistent" notnull="false" key="false">INTEGER</type>
						</db>
				</field>

				<!-- POS 6 : <field> 'host'  -->
				<field>
					<descriptions>
						<!-- descriptions per language as defined by ISO 639  -->
						<description xml:lang="en">Hostname or ipaddress of MMBase servers inside
						this cluster</description>
						<description xml:lang="nl">Servernaam of ip-adres van de MMBase servers
						binnen dit cluster</description>
					</descriptions>
						<!-- gui related -->
						<gui>
								<guiname xml:lang="en">Host</guiname>
								<guiname xml:lang="nl">Host</guiname>
								<guiname xml:lang="eo">Ĉefkomputilo</guiname>
								<guiname xml:lang="it">Sistema ospitante</guiname>
								<guitype>string</guitype>
						</gui>
						<!-- editor related  -->
						<editor>
								<positions>
										<!-- position in the input area of the editor -->
										<input>4</input>
										<!-- position in list area of the editor -->
										<list>4</list>
										<!-- position in search area of the editor -->
										<search>4</search>
								</positions>
						</editor>
						<!-- database related  -->
						<db>
								<!-- name of the field in the database -->
								<name>host</name>
								<!-- MMBase datatype and demands on it -->
								<type state="persistent" size="80" notnull="false" key="false">STRING</type>
						</db>
				</field>

				<!-- POS 7 : <field> 'os'  -->
				<field>
					<descriptions>
						<!-- descriptions per language as defined by ISO 639  -->
						<description xml:lang="en">Operating System of MMBase servers inside
						this cluster</description>
						<description xml:lang="nl">Besturingssystemen van de MMBase servers
						binnen dit cluster</description>
					</descriptions>
						<!-- gui related -->
						<gui>
								<guiname xml:lang="en">OS</guiname>
								<guiname xml:lang="nl">OS</guiname>
								<guiname xml:lang="eo">Operaciumo</guiname>
								<guiname xml:lang="it">OS</guiname>
								<guitype>string</guitype>
						</gui>
						<!-- editor related  -->
						<editor>
								<positions>
										<!-- position in the input area of the editor -->
										<input>5</input>
										<!-- position in list area of the editor -->
										<list>5</list>
										<!-- position in search area of the editor -->
										<search>5</search>
								</positions>
						</editor>
						<!-- database related  -->
						<db>
								<!-- name of the field in the database -->
								<name>os</name>
								<!-- MMBase datatype and demands on it -->
								<type state="persistent" size="80" notnull="false" key="false">STRING</type>
						</db>
				</field>

				<!-- POS 8 : <field> 'jdk'  -->
				<field>
					<descriptions>
						<!-- descriptions per language as defined by ISO 639  -->
						<description xml:lang="en">JDK (Java Developers Kit) used
						on the MMBase servers inside this cluster</description>
						<description xml:lang="nl">JDK (Java Developers Kit)
						gebruikt op de MMBase servers binnen dit cluster</description>
					</descriptions>
						<!-- gui related -->
						<gui>
								<guiname xml:lang="en">JDK</guiname>
								<guiname xml:lang="nl">JDK</guiname>
								<guiname xml:lang="eo">JDK</guiname>
								<guiname xml:lang="it">JDK</guiname>
								<guitype>string</guitype>
						</gui>
						<!-- editor related  -->
						<editor>
								<positions>
										<!-- position in the input area of the editor -->
										<input>6</input>
										<!-- position in list area of the editor -->
										<list>6</list>
										<!-- position in search area of the editor -->
										<search>6</search>
								</positions>
						</editor>
						<!-- database related  -->
						<db>
								<!-- name of the field in the database -->
								<name>jdk</name>
								<!-- MMBase datatype and demands on it -->
								<type state="persistent" size="80" notnull="false" key="false">STRING</type>
						</db>
				</field>

</fieldlist>

</builder>
