<?xml version="1.0" encoding="UTF-8"?>
<!DOCTYPE builder PUBLIC "-//MMBase/DTD builder config 1.1//EN" "http://www.mmbase.org/dtd/builder_1_1.dtd">
<builder name="posrel" maintainer="mmbase.org" version="0" extends="insrel">
<!-- <status>
    what is the status of this builder options : active or inactive
-->
<status>active</status>

<!-- <classfile>
    This is a optional tag, it names the classfile that allows you to add
    support routines or changes them on a per builder base. For example
    images has routines to image support etc etc.

    possible values : Dummy or disabled tag makes mmbase use the default setup

        short name : Urls will start class : org.mmbase.module.builders.Urls.class

        long name : nl.vpro.mmbase.module.builders.Urls will start that class
-->
<classfile>org.mmbase.module.corebuilders.InsRel</classfile>

<!-- <names>
    names defines the different names used in user visible parts, singular for
    for talking about 1 object (Url,Person) and plurar for talking about multiple
    <Urls, people).
>-->
<names>
    <!-- singles per language as defined by ISO 639 -->
    <singular xml:lang="en">Position Relation</singular>
    <singular xml:lang="fr">Placez La Relation</singular>
    <singular xml:lang="nl">Positierelatie</singular>
    <!-- multiple per language as defined by ISO 639 -->
    <plural xml:lang="en">Position Relations</plural>
    <plural xml:lang="fr">Placez La Relations</plural>
    <plural xml:lang="nl">Positie Relaties</plural>
</names>

<!-- <descriptions>
    small description of the builder for human reading
-->
<descriptions>
<!-- descriptions per language as defined by ISO 639  -->
    <description xml:lang="en">This relation has a position attribute</description>
    <description xml:lang="fr">Cette relation a un attribut de position</description>
    <description xml:lang="nl">Deze relatie heeft een positie attribuut</description>
</descriptions>

<properties>
   <!-- Fields that are considered html-fields -->
   <property name="htmlFields"></property>
</properties>

<!-- <fieldlist>
     defines the different fields in this object, be carefull the order is important
    once defined keep them in the same order.
    If you use number and owner (the 2 default fields, please check the docs for this)
-->
<fieldlist>
    <!-- POS 7 : <field> 'pos'  -->
         <field>
        <descriptions>
          <!-- descriptions per language as defined by ISO 639  -->
          <description xml:lang="en">Position number, useful for ordering the relations</description>
          <description xml:lang="nl">Postitie of volgordenummer, te gebruiken voor het sorteren van de relaties</description>
        </descriptions>
        <!-- gui related -->
        <gui>
            <guiname xml:lang="en">Position</guiname>
            <guiname xml:lang="fr">Placent</guiname>
            <guiname xml:lang="nl">Positie</guiname>
            <guitype>integer</guitype>
        </gui>
        <!-- editor related  -->
        <editor>
            <positions>
                <!-- position in the input area of the editor -->
                <input>3</input>
                <!-- position in list area of the editor -->
                <list>3</list>
                <!-- position in search area of the editor -->
                <search>3</search>
            </positions>
        </editor>
        <!-- database related  -->
        <db>
            <!-- name of the field in the database -->
            <name>pos</name>
            <!-- MMBase datatype and demands on it -->
            <type state="persistent" notnull="false" key="false">INTEGER</type>
        </db>
    </field>

</fieldlist>

</builder>
