<?xml version="1.0" encoding="UTF-8"?>
<!DOCTYPE builder PUBLIC "-//MMBase//DTD builder config 1.1//EN" "http://www.mmbase.org/dtd/builder_1_1.dtd">
<builder name="reldef" maintainer="mmbase.org" version="0" extends="object">

		<classfile>org.mmbase.module.corebuilders.RelDef</classfile>

		<searchage>14</searchage>

		<!-- <names>
		names defines the different names used in user visible parts, singular for
		for talking about 1 object (Url,Person) and plurar for talking about multiple
		<Urls, people).
		>-->
		<names>
				<!-- singles per language as defined by ISO 639 -->
				<singular xml:lang="en">Relation Definition</singular>
				<singular xml:lang="nl">Relatie Definitie</singular>
				<singular xml:lang="eo">Rilatodifino</singular>
				<singular xml:lang="it">Relazione Definizione</singular>
				<!-- multiple per language as defined by ISO 639 -->
				<plural xml:lang="en">Relation Definitions</plural>
				<plural xml:lang="nl">Relatie Definities</plural>
				<plural xml:lang="eo">Rilatodifinoj</plural>
				<plural xml:lang="it">Relazione Definizioni</plural>
		</names>

		<!-- <descriptions>
		small description of the builder for human reading
		-->
		<descriptions>
				<description xml:lang="en">Defines relations</description>
				<description xml:lang="nl">Definieert relaties</description>
				<description xml:lang="eo">Difinas rilatojn</description>
				<description xml:lang="it">Definisce le relazioni</description>
		</descriptions>

		<!-- <fieldlist>
		defines the different fields in this object, be carefull the order is important
		once defined keep them in the same order.
		If you use number and owner (the 2 default fields, please check the docs for this)
		-->
		<fieldlist>
				<!-- POS 3 : <field> 'sname'  -->
				<field>
					<descriptions>
						<!-- descriptions per language as defined by ISO 639  -->
						<description xml:lang="en">Source name of this relation definition</description>
						<description xml:lang="nl">Bron naam van deze relatie definitie</description>
					</descriptions>
						<!-- gui related -->
						<gui>
								<guiname xml:lang="en">Source</guiname>
								<guiname xml:lang="nl">Bron</guiname>
								<guiname xml:lang="eo">Fonto</guiname>
								<guiname xml:lang="it">Fonte</guiname>
								<guitype>string</guitype>
						</gui>
						<!-- editor related  -->
						<editor>
								<positions>
										<!-- position in the input area of the editor -->
										<input>1</input>
										<!-- position in list area of the editor -->
										<list>1</list>
										<!-- position in search area of the editor -->
										<search>1</search>
								</positions>
						</editor>
						<!-- database related  -->
						<db>
								<!-- name of the field in the database -->
								<name>sname</name>
								<!-- MMBase datatype and demands on it -->
								<type state="persistent" size="32" notnull="false" key="false">STRING</type>
						</db>
				</field>

				<!-- POS 4 : <field> 'dname'  -->
				<field>
					<descriptions>
						<!-- descriptions per language as defined by ISO 639  -->
						<description xml:lang="en">Destination name of this
						relation definition</description>
						<description xml:lang="nl">Bestemmings naam van deze
						relatie definitie</description>
					</descriptions>
						<!-- gui related -->
						<gui>
								<guiname xml:lang="en">Target</guiname>
								<guiname xml:lang="nl">Bestemming</guiname>
								<guiname xml:lang="eo">Celo</guiname>
								<guiname xml:lang="it">Obbiettivo</guiname>
								<guitype>string</guitype>
						</gui>
						<!-- editor related  -->
						<editor>
								<positions>
										<!-- position in the input area of the editor -->
										<input>2</input>
										<!-- position in list area of the editor -->
										<list>2</list>
										<!-- position in search area of the editor -->
										<search>2</search>
								</positions>
						</editor>
						<!-- database related  -->
						<db>
								<!-- name of the field in the database -->
								<name>dname</name>
								<!-- MMBase datatype and demands on it -->
								<type state="persistent" size="32" notnull="false" key="false">STRING</type>
						</db>
				</field>

				<!-- POS 5 : <field> 'dir'  -->
				<field>
					<descriptions>
						<!-- descriptions per language as defined by ISO 639  -->
						<description xml:lang="en">Directionality of this relation
						definition</description>
						<description xml:lang="nl">Richting van deze relatie definitie</description>
					</descriptions>
						<!-- gui related -->
						<gui>
								<guiname xml:lang="en">Direction</guiname>
								<guiname xml:lang="nl">Richting</guiname>
								<guiname xml:lang="eo">Direkto</guiname>
								<guiname xml:lang="it">Direzione</guiname>
								<guitype>dirs</guitype>
						</gui>
						<!-- editor related  -->
						<editor>
								<positions>
										<!-- position in the input area of the editor -->
										<input>3</input>
										<!-- position in list area of the editor -->
										<list>3</list>
										<!-- position in search area of the editor -->
										<search>3</search>
								</positions>
						</editor>
						<!-- database related  -->
						<db>
								<!-- name of the field in the database -->
								<name>dir</name>
								<!-- MMBase datatype and demands on it -->
								<type state="persistent" notnull="false" key="false">INTEGER</type>
						</db>
				</field>

				<!-- POS 6 : <field> 'sguiname'  -->
				<field>
					<descriptions>
						<!-- descriptions per language as defined by ISO 639  -->
						<description xml:lang="en">Source guiname of this relation
						definition, will be used in editors</description>
						<description xml:lang="nl">Bron guinaam van deze relatie
						definitie, deze wordt gebruikt in editors</description>
					</descriptions>
						<!-- gui related -->
						<gui>
								<guiname xml:lang="en">SourceGUIName</guiname>
								<guiname xml:lang="nl">BronGUINaam</guiname>
								<guiname xml:lang="eo">Fontnomo</guiname>
								<guiname xml:lang="it">FonteGUINome</guiname>
								<guitype>string</guitype>
						</gui>
						<!-- editor related  -->
						<editor>
								<positions>
										<!-- position in the input area of the editor -->
										<input>4</input>
										<!-- position in list area of the editor -->
										<list>4</list>
										<!-- position in search area of the editor -->
										<search>4</search>
								</positions>
						</editor>
						<!-- database related  -->
						<db>
								<!-- name of the field in the database -->
								<name>sguiname</name>
								<!-- MMBase datatype and demands on it -->
								<type state="persistent" size="32" notnull="false" key="false">STRING</type>
						</db>
				</field>

				<!-- POS 7 : <field> 'dguiname'  -->
				<field>
					<descriptions>
						<!-- descriptions per language as defined by ISO 639  -->
						<description xml:lang="en">Destination guiname of this relation
						definition, will be used in editors</description>
						<description xml:lang="nl">Bestemmings guinaam van deze relatie
						definitie, deze wordt gebruikt in editors</description>
					</descriptions>
						<!-- gui related -->
						<gui>
								<guiname xml:lang="en">TargetGUIName</guiname>
								<guiname xml:lang="nl">DoelGUINaam</guiname>
								<guiname xml:lang="eo">Celnomo</guiname>
								<guiname xml:lang="it">ObbiettivoGUINome</guiname>
								<guitype>string</guitype>
						</gui>
						<!-- editor related  -->
						<editor>
								<positions>
										<!-- position in the input area of the editor -->
										<input>5</input>
										<!-- position in list area of the editor -->
										<list>5</list>
										<!-- position in search area of the editor -->
										<search>5</search>
								</positions>
						</editor>
						<!-- database related  -->
						<db>
								<!-- name of the field in the database -->
								<name>dguiname</name>
								<!-- MMBase datatype and demands on it -->
								<type state="persistent" size="32" notnull="false" key="false">STRING</type>
						</db>
				</field>

		<!-- POS 8 : <field> 'builder' -->
		<field>
					<descriptions>
						<!-- descriptions per language as defined by ISO 639  -->
						<description xml:lang="en">Builder which will be used by
						relations of this relation definition</description>
						<description xml:lang="nl">Builder welke gebruikt zal
						worden door relaties van deze relatiedefinitie</description>
					</descriptions>
						<!-- gui related -->
						<gui>
								<guiname xml:lang="en">Builder</guiname>
								<guiname xml:lang="nl">Builder</guiname>
								<guiname xml:lang="eo">Konstruanto</guiname>
								<guiname xml:lang="it">Costruttore</guiname>
								<guitype>typedef</guitype>
						</gui>
						<!-- editor related -->
						<editor>
								<positions>
										<!-- position in the input area of the editor -->
										<input>6</input>
										<!-- position in list area of the editor -->
										<list>6</list>
										<!-- position in search area of the editor -->
										<search>6</search>
								</positions>
						</editor>
						<!-- database related -->
						<db>
								<!-- name of the field in the database -->
								<name>builder</name>
								<!-- MMBase datatype and demands on it -->
								<type state="persistent" notnull="true" key="false">NODE</type>
						</db>
		</field>
		</fieldlist>
</builder>
