<?xml version="1.0" encoding="UTF-8"?>
<!DOCTYPE builder PUBLIC "-//MMBase//DTD builder config 1.1//EN" "http://www.mmbase.org/dtd/builder_1_1.dtd">
<builder name="urls" maintainer="mmbase.org" version="0" extends="object">

<!-- <status>
		what is the status of this builder options : active or inactive
-->
<status>active</status>

<!-- <classfile>
		This is a optional tag, it names the classfile that allows you to add
		support routines or changes them on a per builder base. For example
		images has routines to image support etc etc.

		possible values : Dummy or disabled tag makes mmbase use the default setup

				short name : Urls will start class : org.mmbase.module.builders.Urls.class

				long name : nl.vpro.mmbase.module.builders.Urls will start that class
-->
<classfile>Urls</classfile>

<searchage>14</searchage>

<!-- <names>
		names defines the different names used in user visible parts, singular for
		for talking about 1 object (Url,Person) and plurar for talking about multiple
		<Urls, people).
>-->
<names>
		<!-- singles per language as defined by ISO 639 -->
		<singular xml:lang="en">URL</singular>
		<singular xml:lang="nl">URL</singular>
		<!-- multiple per language as defined by ISO 639 -->
		<plural xml:lang="en">URL</plural>
		<plural xml:lang="nl">URL</plural>
</names>

<!-- <descriptions>
		small description of the builder for human reading
-->
<descriptions>
<!-- descriptions per language as defined by ISO 639  -->
		<description xml:lang="en">Urls to external sites</description>
		<description xml:lang="nl">Urls naar externe sites</description>
</descriptions>

<!-- <properties>
you can define properties to be used by the classfile (if used) it uses
a key/value system. Its a optional tag.
-->
<properties>
</properties>

<!-- <fieldlist>
		 defines the different fields in this object, be carefull the order is important
		once defined keep them in the same order.
		If you use number and owner (the 2 default fields, please check the docs for this)
-->
<fieldlist>
		<!-- POS 3 : <field> 'url'  -->
		<field>
				<descriptions>
					<!-- descriptions per language as defined by ISO 639  -->
					<description xml:lang="en">The name of the site or page this url links to</description>
					<description xml:lang="nl">De naam van de pagina of website waar deze link naar wijst</description>
				</descriptions>
				<!-- gui related -->
				<gui>
						<guiname xml:lang="en">Naam</guiname>
						<guiname xml:lang="nl">Name</guiname>
						<guitype>string</guitype>
				</gui>
				<!-- editor related  -->
				<editor>
						<positions>
								<!-- position in the input area of the editor -->
								<input>1</input>
								<!-- position in list area of the editor -->
								<list>2</list>
								<!-- position in search area of the editor -->
								<search>1</search>
						</positions>
				</editor>
				<!-- database related  -->
				<db>
						<!-- name of the field in the database -->
						<name>name</name>
						<!-- MMBase datatype and demands on it -->
						<type state="persistent" size="255" notnull="true" key="false">STRING</type>
				</db>
		</field>
		<!-- POS 3 : <field> 'url'  -->
		<field>
				<descriptions>
					<!-- descriptions per language as defined by ISO 639  -->
					<description xml:lang="en">The link or site internet address</description>
					<description xml:lang="nl">Het internet adres avnd e link of website</description>
				</descriptions>
				<!-- gui related -->
				<gui>
						<guiname xml:lang="en">Url</guiname>
						<guiname xml:lang="nl">Url</guiname>
						<guitype>string</guitype>
				</gui>
				<!-- editor related  -->
				<editor>
						<positions>
								<!-- position in the input area of the editor -->
								<input>2</input>
								<!-- position in list area of the editor -->
								<list>3</list>
								<!-- position in search area of the editor -->
								<search>2</search>
						</positions>
				</editor>
				<!-- database related  -->
				<db>
						<!-- name of the field in the database -->
						<name>url</name>
						<!-- MMBase datatype and demands on it -->
						<type state="persistent" size="255" notnull="true" key="false">STRING</type>
				</db>
		</field>

		<!-- POS 4 : <field> 'description'  -->
		<field>
				<descriptions>
					<!-- descriptions per language as defined by ISO 639  -->
					<description xml:lang="en">A short description of the website of page</description>
					<description xml:lang="nl">Een korte omschrijving van de website of pagina</description>
				</descriptions>
				<!-- gui related -->
				<gui>
						<guiname xml:lang="en">Description</guiname>
						<guiname xml:lang="nl">Omschrijving</guiname>
						<guitype>field</guitype>
				</gui>
				<!-- editor related  -->
				<editor>
						<positions>
								<!-- position in the input area of the editor -->
								<input>3</input>
								<!-- position in list area of the editor -->
								<list>-1</list>
								<!-- position in search area of the editor -->
								<search>3</search>
						</positions>
				</editor>
				<!-- database related  -->
				<db>
						<!-- name of the field in the database -->
						<name>description</name>
						<!-- MMBase datatype and demands on it -->
						<type state="persistent" size="255" notnull="true" key="false">STRING</type>
				</db>
		</field>

</fieldlist>

</builder>
