<?xml version="1.0" encoding="UTF-8"?>
<!DOCTYPE builder PUBLIC "-//MMBase//DTD builder config 1.1//EN" "http://www.mmbase.org/dtd/builder_1_1.dtd">
<builder name="versions" maintainer="mmbase.org" version="0" extends="object">

	<classfile>org.mmbase.module.builders.Versions</classfile>
	<searchage>1000</searchage>

	<names>
		 <!-- singles per language as defined by ISO 639 -->
		 <singular xml:lang="en">Version Control</singular>
		 <singular xml:lang="nl">Versiebeheer</singular>
		 <singular xml:lang="eo">Versiestrilo</singular>
		 <singular xml:lang="it">Controllo di Versione</singular>
		 <!-- multiple per language as defined by ISO 639 -->
		 <plural xml:lang="en">Version Control</plural>
		 <plural xml:lang="nl">Versiebeheer</plural>
		 <plural xml:lang="eo">Versiestrilo</plural>
		 <plural xml:lang="it">Controlo di Versione</plural>
	</names>

	<descriptions>
		 <!-- descriptions per language as defined by ISO 639  -->
		 <description xml:lang="en">Keeps track of what versions of apps/builders etc etc are installed</description>
		 <description xml:lang="nl">Houd bij van applicaties/builders welke versie actief is</description>
		 <description xml:lang="eo">Administras la aktivajn versiojn de aplikaĵoj kaj konstruantoj</description>
		 <description xml:lang="it">Registra la versione installata di applicazioni/costruttori ecc ecc ecc </description>
	</descriptions>

	<fieldlist>
		 <!-- POS 3 : <field> 'name'  -->
		 <field>
			 <descriptions>
				 <!-- descriptions per language as defined by ISO 639  -->
				 <description xml:lang="en">Name of the object for which the
				 version is stored</description>
				 <description xml:lang="nl">Naam van het object waarvan de
				 versie opgeslagen is</description>
			 </descriptions>
				<!-- gui related -->
				<gui>
					<guiname xml:lang="en">Name</guiname>
					<guiname xml:lang="nl">Naam</guiname>
					<guiname xml:lang="eo">Nomo</guiname>
					<guiname xml:lang="it">Nome</guiname>
					<guitype>string</guitype>
				</gui>
				<!-- editor related  -->
				<editor>
					<positions>
						 <!-- position in the input area of the editor -->
						 <input>1</input>
						 <!-- position in list area of the editor -->
						 <list>1</list>
						 <!-- position in search area of the editor -->
						 <search>1</search>
					</positions>
				</editor>
				<!-- database related  -->
				<db>
					<!-- name of the field in the database -->
					<name>name</name>
					<!-- MMBase datatype and demands on it -->
					<type state="persistent" size="64" notnull="false" key="false">STRING</type>
				</db>
		 </field>

		 <!-- POS 4 : <field> 'type'  -->
		 <field>
			 <descriptions>
				 <!-- descriptions per language as defined by ISO 639  -->
				 <description xml:lang="en">Type of the object for which the
				 version is stored (can be builders, applications, etc)</description>
				 <description xml:lang="nl">Type van het object waarvan de
				 versie opgeslagen is (bijv builders, applications, etc)</description>
			 </descriptions>
				<!-- gui related -->
				<gui>
					<guiname xml:lang="en">Type</guiname>
					<guiname xml:lang="nl">Type</guiname>
					<guiname xml:lang="eo">Tipo</guiname>
					<guiname xml:lang="it">Tipo</guiname>
					<guitype>string</guitype>
				</gui>
				<!-- editor related  -->
				<editor>
					<positions>
						 <!-- position in the input area of the editor -->
						 <input>2</input>
						 <!-- position in list area of the editor -->
						 <list>2</list>
						 <!-- position in search area of the editor -->
						 <search>2</search>
					</positions>
				</editor>
				<!-- database related  -->
				<db>
					<!-- name of the field in the database -->
					<name>type</name>
					<!-- MMBase datatype and demands on it -->
					<type state="persistent" size="64" notnull="true" key="false">STRING</type>
				</db>
		 </field>

		 <!-- POS 5 : <field> 'version'  -->
		 <field>
			 <descriptions>
				 <!-- descriptions per language as defined by ISO 639  -->
				 <description xml:lang="en">Version of the object</description>
				 <description xml:lang="nl">Versie van het object</description>
			 </descriptions>
				<!-- gui related -->
				<gui>
					<guiname xml:lang="en">Version</guiname>
					<guiname xml:lang="nl">Versie</guiname>
					<guiname xml:lang="eo">Versio</guiname>
					<guiname xml:lang="it">Versione</guiname>
					<guitype>integer</guitype>
				</gui>
				<!-- editor related  -->
				<editor>
					<positions>
						 <!-- position in the input area of the editor -->
						 <input>3</input>
						 <!-- position in list area of the editor -->
						 <list>3</list>
						 <!-- position in search area of the editor -->
						 <search>3</search>
					</positions>
				</editor>
				<!-- database related  -->
				<db>
					<!-- name of the field in the database -->
					<name>version</name>
					<!-- MMBase datatype and demands on it -->
					<type state="persistent" notnull="true" key="false">INTEGER</type>
				</db>
		 </field>

		 <!-- POS 6 : <field> 'maintainer'  -->
		 <field>
			 <descriptions>
				 <!-- descriptions per language as defined by ISO 639  -->
				 <description xml:lang="en">Organization or person who's
				 maintaining the the object</description>
				 <description xml:lang="nl">Organisatie of persoon die
				 verantwoordelijk is voor het onderhouden van het object</description>
			 </descriptions>
				<!-- gui related -->
				<gui>
					<guiname xml:lang="en">Maintainer</guiname>
					<guiname xml:lang="nl">Beheerder</guiname>
					<guiname xml:lang="eo">Estro</guiname>
					<guitype>string</guitype>
				</gui>
				<!-- editor related  -->
				<editor>
					<positions>
						 <!-- position in the input area of the editor -->
						 <input>4</input>
						 <!-- position in list area of the editor -->
						 <list>4</list>
						 <!-- position in search area of the editor -->
						 <search>4</search>
					</positions>
				</editor>
				<!-- database related  -->
				<db>
					<!-- name of the field in the database -->
					<name>maintainer</name>
					<!-- MMBase datatype and demands on it -->
					<type state="persistent" size="255" notnull="true" key="false">STRING</type>
				</db>
		 </field>

	</fieldlist>

</builder>
