<?xml version="1.0" encoding="UTF-8"?>
<!DOCTYPE database-filters PUBLIC "-//MMBase//DTD database lookup 1.0//EN" "http://www.mmbase.org/dtd/database-lookup_1_0.dtd" [
  <!ENTITY postgresql  SYSTEM "lookup_postgresql.xml" >
]
>
<database-filters>
	<!--
		The database-config is the name referencing the database-config-xml.
		The first filter where all the rules apply, will be selected.
	-->
  &postgresql;

	<!-- the new oracle implementation -->
	<filter database-config="oracle-with-views">
		<database-product-name>Oracle</database-product-name>
		<driver-class>oracle.jdbc.driver.OracleConnection</driver-class>
		<driver-major-version condition="equals">9</driver-major-version>
		<driver-minor-version condition="from">2</driver-minor-version>
	</filter>

	<!-- mysql with jdbc version 2.0 works with relational -->
	<filter database-config="mysql">
		 <database-product-name>MySQL</database-product-name>
		 <driver-class>org.gjt.mm.mysql.</driver-class>
		 <driver-major-version condition="equals">2</driver-major-version>
		 <driver-minor-version condition="equals">0</driver-minor-version>
	</filter>

	<!-- mysql with jdbc version 2.0 works with relational -->
	<filter database-config="mysql">
		 <database-product-name>MySQL</database-product-name>
		 <driver-class>com.mysql.</driver-class>
		 <driver-major-version condition="equals">2</driver-major-version>
	</filter>

	<!-- left over jdbc-drivers for mysql -->
	<filter database-config="mysql">
		<driver-class>org.gjt.mm.mysql.</driver-class>
	</filter>

	<!-- newer version of mysql uses relational? -->
	<filter database-config="mysql">
		<driver-class>com.mysql.</driver-class>
	</filter>

	<!-- hsql -->
	<filter database-config="hypersonic">
		<driver-class>org.hsql.</driver-class>
	</filter>

	<!-- hsqldb -->
	<filter database-config="hsqldb-storage">
		<driver-class>org.hsqldb.</driver-class>
		<driver-major-version condition="equals">1</driver-major-version>
	</filter>

	<filter database-config="hsqldb-storage">
		<driver-class>org.hsqldb.</driver-class>
	</filter>

	<!-- when no rules, then it will always be used when no previous rules apply -->
	<filter database-config="relational" />
</database-filters>
