<?xml version="1.0" encoding="UTF-8"?>
<!DOCTYPE database PUBLIC "-//MMBase/DTD database config 1.2//EN" "http://www.mmbase.org/dtd/database_1_2.dtd">
<database>
  <!-- please use relational.xml to find out what the format of this file is -->
  <name>MySQL</name>
  <mmbasedriver>org.mmbase.storage.database.MySqlStorage</mmbasedriver>
  <sqlhandler>org.mmbase.storage.search.implementation.database.MySqlSqlHandler</sqlhandler>
  <chainedsqlhandler/>
  <scheme>
    <create>CREATE TABLE {0} ({1})</create>
    <not-null>{0} {1} NOT NULL</not-null>
    <primary-key>{0} {1} NOT NULL, PRIMARY KEY ({0})</primary-key>
    <foreign-key>{0} {1} NULL, INDEX ({0})</foreign-key>
    <key>{0} {1} NOT NULL, UNIQUE ({0})</key>
  </scheme>

  <mapping>
    <type-mapping mmbase-type="DOUBLE">double</type-mapping>
    <type-mapping mmbase-type="LONG">bigint</type-mapping>
    <type-mapping mmbase-type="FLOAT">float</type-mapping>
    <type-mapping mmbase-type="INTEGER">integer</type-mapping>
    <type-mapping mmbase-type="NODE">integer</type-mapping>
    <type-mapping mmbase-type="STRING" min-size="1" max-size="255">varchar(size)</type-mapping>
    <type-mapping mmbase-type="STRING" min-size="256" max-size="65535">blob</type-mapping>
    <type-mapping mmbase-type="STRING" min-size="65536" max-size="16777216">mediumblob</type-mapping>
    <type-mapping mmbase-type="XML" min-size="1" max-size="255">varchar(size)</type-mapping>
    <type-mapping mmbase-type="XML" min-size="256" max-size="65535">blob</type-mapping>
    <type-mapping mmbase-type="XML" min-size="65536" max-size="16777216">mediumblob</type-mapping>
    <type-mapping mmbase-type="BYTE" min-size="1" max-size="65535">blob</type-mapping>
    <type-mapping mmbase-type="BYTE" min-size="65536" max-size="16777216">mediumblob</type-mapping>
  </mapping>

  <disallowed>
    <field name="parent" replacement="m_parent"/>
    <field name="type" replacement="m_type"/>
    <field name="data" replacement="m_data"/>
    <field name="key" replacement="m_key"/>
    <field name="keys" replacement="m_keys"/>
    <field name="from" replacement="m_from"/>
    <field name="global" replacement="m_global"/>
    <field name="use" replacement="m_use"/>
    <field name="time" replacement="m_time"/>
    <field name="status" replacement="m_status"/>
    <field name="month" replacement="m_month"/>
    <field name="day" replacement="m_day"/>
    <field name="hour" replacement="m_hour"/>
    <field name="comment" replacement="m_comment"/>
    <field name="hosts" replacement="m_hosts"/>
    <field name="to" replacement="m_to"/>
    <field name="second" replacement="m_second"/>
    <field name="local" replacement="m_local"/>
    <field name="group" replacement="m_group"/>
    <field name="fields" replacement="m_fields"/>
    <field name="int" replacement="m_int"/>
    <field name="create" replacement="m_create"/>
    <field name="read" replacement="m_read"/>
    <field name="write" replacement="m_write"/>
    <field name="column" replacement="m_column"/>
    <field name="order" replacement="m_order"/>
    <field name="references" replacement="m_references"/>
  </disallowed>
</database>
