<?xml version="1.0" encoding="UTF-8" ?>
<!DOCTYPE caches PUBLIC "-//MMBase//DTD cache config 1.0//EN" "http://www.mmbase.org/dtd/caches_1_0.dtd">
<!--
	Not all caches are configurable already, but those which are, can be
	configured here. It can also be done by the admin pages, but
	changing it here works just as well (better for the moment, because
	the changes are persistent then)

	@since   MMBase-1.6
	@version $Id: caches.xml,v 1.1 2004/04/01 09:24:01 freek Exp $
	@author  Michiel Meeuwissen

-->
<caches>
	<!-- ================================================================================
	Node caches
	================================================================================  -->

	<!-- simple nodes -->
	<cache name="Nodes">
		<status>active</status>
		<size>4096</size>
	</cache>

	<!-- cluster nodes -->
	<cache name="MultilevelCache">
		<status>active</status>
		<size>300</size>
	</cache>

	<!-- related nodes, used in InsRel -->
	<cache name="RelatedCache">
		<status>active</status>
		<size>25</size>
	</cache>

	<!-- Alias to number cache, used in OALias -->
	<cache name="AliasCache">
		<status>active</status>
		<size>128</size>
	</cache>

	<!-- Object type cache in MMObjectBuilder -->
	<cache name="TypeCache">
		<status>active</status>
		<size>20000</size>
	</cache>


	<!-- ================================================================================
	Caches for XSL Transformations
	================================================================================  -->

	<!-- Compiled templates -->
	<cache name="XSLTemplates">
		<status>active</status>
		<size>50</size>
	</cache>

	<!-- A factory for every URIResolver -->
	<cache name="XSLFactories">
		<status>active</status>
		<size>50</size>
	</cache>

	<!-- If it makes sense (e.g. not in Editwizard) also the results of
	XSL transformations can be cached. Because it is a little difficult
	to invalidate cache entries, this cache is now inactive on default.
	-->
	<cache name="XSLTResults">
		<status>inactive</status>
		<size>50</size>
		<maxEntrySize>5000</maxEntrySize>
	</cache>

	<!-- ================================================================================
	Caches related to images/icaches
	================================================================================  -->

	<!-- Quick search of the icache node number (by template/ckey) -->
	<cache name="CkeyNumberCache">
		<status>active</status>
		<size>500</size>
	</cache>

	<!-- Small image handles are caches as well -->
	<cache name="ImageHandles">
		<status>active</status>
		<size>129</size>
	</cache>


  <!-- other caches ... -->


  <!-- put the following in your caches.xml if you want to configure cloud context security caches -->
  <!-- ================================================================================
  Caches related to cloudcontext security
  ================================================================================  -->
  <cache name="CCS:ContextCache">
    <status>active</status>
    <size>30</size>
  </cache>
  <cache name="CCS:AllowingContextsCache">
    <status>active</status>
    <size>200</size>
  </cache>
  <cache name="CCS:SecurityOperations">
    <status>active</status>
    <size>100</size>
  </cache>
  <cache name="CCS:ContainedBy">
    <status>active</status>
    <size>200</size>
  </cache>
  <cache name="CCS:SecurityRank">
    <status>active</status>
    <size>20</size>
  </cache>


</caches>
