<?xml version="1.0" encoding="utf-8"?>
<users exportsource="mmbase://127.0.0.1/mmproject/mmp" timestamp="20040426163416">
	<node number="203" owner="default" alias="backupstart">
		<telephone></telephone>
		<firstname>Beheerder</firstname>
		<lastname></lastname>
		<remarks>Dit is de standaard beheerder, schakel deze uit op het moment dat er een echte beheerder is aangemaakt.</remarks>
		<email></email>
		<gender>Mannelijk</gender>
		<organisation></organisation>
	</node>

</users>
